athlete_full_name,athlete_slug,profile_url,hometown,height,age,education
David WISE,david-wise,https://www.teamusa.com/profiles/david-wise,Unknown,Unknown,Unknown,Unknown
Alex FERREIRA,alex-ferreira,https://www.teamusa.com/profiles/alex-ferreira,"Aspen, CO","5'9""",31,Colorado Mountain College ‘21
Colby STEVENSON,colby-stevenson,https://www.teamusa.com/profiles/colby-stevenson,Unknown,Unknown,Unknown,Unknown
Jaelin KAUF,jaelin-kauf,https://www.teamusa.com/profiles/jaelin-kauf,Unknown,Unknown,Unknown,Unknown
Megan NICK,megan-nick,https://www.teamusa.com/profiles/megan-nick,Unknown,Unknown,Unknown,Unknown
Nicholas GOEPPER,nicholas-goepper,https://www.teamusa.com/profiles/nicholas-goepper,Unknown,Unknown,Unknown,Unknown
Alexander HALL,alexander-hall,https://www.teamusa.com/profiles/alexander-hall,Unknown,Unknown,Unknown,Unknown
Chloe KIM,chloe-kim,https://www.teamusa.com/profiles/chloe-kim,"Torrance, CA","5'3""",25,Princeton University
Nick BAUMGARTNER,nick-baumgartner,https://www.teamusa.com/profiles/nick-baumgartner,"Iron River, MI","6'0""",44,West Iron County High School
Lindsey JACOBELLIS,lindsey-jacobellis,https://www.teamusa.com/profiles/lindsey-jacobellis,Unknown,Unknown,Unknown,Unknown
Julia MARINO,julia-marino,https://www.teamusa.com/profiles/julia-marino,"Westport, CT","5'5""",28,Unknown
Madison HUBBELL,madison-hubbell,https://www.teamusa.com/profiles/madison-hubbell,Unknown,Unknown,Unknown,Unknown
Zachary DONOHUE,zachary-donohue,https://www.teamusa.com/profiles/zachary-donohue,Unknown,Unknown,Unknown,Unknown
Nathan CHEN,nathan-chen,https://www.teamusa.com/profiles/nathan-chen,Unknown,Unknown,Unknown,Unknown
Ryan COCHRAN-SIEGLE,ryan-cochran-siegle,https://www.teamusa.com/profiles/ryan-cochran-siegle,"Starksboro, VT","6'1""",34,University of Vermont
Jessica DIGGINS,jessica-diggins,https://www.teamusa.com/profiles/jessica-diggins,Unknown,Unknown,Unknown,Unknown
Brittany BOWE,brittany-bowe,https://www.teamusa.com/profiles/brittany-bowe,Unknown,Unknown,Unknown,Unknown
Erin JACKSON,erin-jackson,https://www.teamusa.com/profiles/erin-jackson,"Ocala, FL","5'5""",33,University of Florida
Elana MEYERS TAYLOR,elana-meyers-taylor,https://www.teamusa.com/profiles/elana-meyers-taylor,"Douglasville, GA","5'8""",41,George Washington University
Kaillie HUMPHRIES,kaillie-humphries,https://www.teamusa.com/profiles/kaillie-humphries,Calgary,5’7”,40,National Sport School
Sylvia HOFFMAN,sylvia-hoffman,https://www.teamusa.com/profiles/sylvia-hoffman,"Arlington, TX","5'8""",36,"LSU Shreveport, Louisiana"
Madelynn Ann BERNAU,madelynn-bernau,https://www.teamusa.com/profiles/madelynn-bernau,Unknown,Unknown,Unknown,Unknown
Brian BURROWS,brian-burrows,https://www.teamusa.com/profiles/brian-burrows,"Fallbrook, CA","5'11""",38,"California State University ‘16, Business"
William SHANER,william-shaner,https://www.teamusa.com/profiles/william-shaner,Unknown,Unknown,Unknown,Unknown
Amber ENGLISH,amber-english,https://www.teamusa.com/profiles/amber-english,Unknown,Unknown,Unknown,Unknown
Kayle BROWNING,kayle-browning,https://www.teamusa.com/profiles/kayle-browning,"Wooster, AR","5'6""",33,"Greenbrier High School (Greenbrier, Ark.) '10 University of Central Arkansas, , Interior Design"
Mary Carolynn TUCKER,mary-tucker,https://www.teamusa.com/profiles/mary-tucker,Unknown,Unknown,Unknown,Unknown
Lucas KOZENIESKY,lucas-kozeniesky,https://www.teamusa.com/profiles/lucas-kozeniesky,Unknown,Unknown,Unknown,Unknown
Vincent HANCOCK,vincent-hancock,https://www.teamusa.com/profiles/vincent-hancock,Unknown,Unknown,Unknown,Unknown
Andrew CAPOBIANCO,andrew-capobianco,https://www.teamusa.com/profiles/andrew-capobianco,Unknown,Unknown,Unknown,Unknown
Mike HIXON,mike-hixon,https://www.teamusa.com/profiles/mike-hixon,Unknown,Unknown,Unknown,Unknown
Jessica PARRATTO,jessica-parratto,https://www.teamusa.com/profiles/jessica-parratto,Unknown,Unknown,Unknown,Unknown
Delaney SCHNELL,delaney-schnell,https://www.teamusa.com/profiles/delaney-schnell,Unknown,Unknown,Unknown,Unknown
Krysta PALMER,krysta-palmer,https://www.teamusa.com/profiles/krysta-palmer,Unknown,Unknown,Unknown,Unknown
Nevin HARRISON,nevin-harrison,https://www.teamusa.com/profiles/nevin-harrison,"Seattle, WA","5'9""",23,Roosevelt High School
Richard TORREZ JR,richard-torrez-jr,https://www.teamusa.com/profiles/richard-torrez-jr,"Tulare, CA",Unknown,26,Unknown
Duke RAGAN,duke-ragan,https://www.teamusa.com/profiles/duke-ragan,Unknown,Unknown,Unknown,Unknown
Oshae JONES,oshae-jones,https://www.teamusa.com/profiles/oshae-jones,Unknown,Unknown,Unknown,Unknown
Keyshawn DAVIS,keyshawn-davis,https://www.teamusa.com/profiles/keyshawn-davis,Unknown,Unknown,Unknown,Unknown
Katie ZAFERES,katie-zaferes,https://www.teamusa.com/profiles/katie-zaferes,"Santa Cruz, CA","5'8""",36,Syracuse University
Carissa MOORE,carissa-moore,https://www.teamusa.com/profiles/carissa-moore,"Honolulu, HI","5'7""",33,Punahou School ‘10
Anastasija ZOLOTIC,anastasija-zolotic,https://www.teamusa.com/profiles/anastasija-zolotic,Unknown,Unknown,Unknown,Unknown
Jennifer VALENTE,jennifer-valente,https://www.teamusa.com/profiles/jennifer-valente,Unknown,Unknown,Unknown,Unknown
Lee KIEFER,lee-kiefer,https://www.teamusa.com/profiles/lee-kiefer,Unknown,Unknown,Unknown,Unknown
Nathaniel COLEMAN,nathaniel-coleman,https://www.teamusa.com/profiles/nathaniel-coleman,Unknown,Unknown,Unknown,Unknown
Thomas Patrick GILMAN,thomas-gilman,https://www.teamusa.com/profiles/thomas-gilman,Unknown,Unknown,Unknown,Unknown
Kyle Douglas DAKE,kyle-dake,https://www.teamusa.com/profiles/kyle-dake,"Cornell University, NY","5'9""",35,Cornell University
David Morris TAYLOR III,david-taylor,https://www.teamusa.com/profiles/david-taylor,"Graham, OH","6'0""",35,Penn State
Tamyra Mariama MENSAH STOCK,tamyra-stock,https://www.teamusa.com/profiles/tamyra-stock,Unknown,Unknown,Unknown,Unknown
Sarah Ann HILDEBRANDT,sarah-hildebrandt,https://www.teamusa.com/profiles/sarah-hildebrandt,"Granger, IN","5'3""",32,King University
Adeline Maria GRAY,adeline-gray,https://www.teamusa.com/profiles/adeline-gray,"Denver, CO","5'10""",35,"Keller Graduate (2018-2020), DeVry Univ. (2011-2016), University of Colorado – Colorado Springs (2009-2011)"
Helen Louise MAROULIS,helen-maroulis,https://www.teamusa.com/profiles/helen-maroulis,"Rockville, MD","5'3""",34,Simon Fraser University
Gable Dan STEVESON,gable-steveson,https://www.teamusa.com/profiles/gable-steveson,"Apple Valley, MN",Unknown,25,University of Minnesota
Kyle Frederick SNYDER,kyle-snyder,https://www.teamusa.com/profiles/kyle-snyder,"Silver Spring, MD",Unknown,Unknown,Ohio State University
Mykayla SKINNER,mykayla-skinner,https://www.teamusa.com/profiles/mykayla-skinner,Unknown,Unknown,Unknown,Unknown
Simone BILES,simone-biles,https://www.teamusa.com/profiles/simone-biles,"Spring, TX","4'8""",29,"Homeschooled (Spring, Texas) ‘15"
Sunisa LEE,sunisa-lee,https://www.teamusa.com/profiles/sunisa-lee,Unknown,Unknown,Unknown,Unknown
Jade CAREY,jade-carey,https://www.teamusa.com/profiles/jade-carey,Unknown,Unknown,Unknown,Unknown
Nelly KORDA,nelly-korda,https://www.teamusa.com/profiles/nelly-korda,Unknown,Unknown,Unknown,Unknown
Xander SCHAUFFELE,xander-schauffele,https://www.teamusa.com/profiles/xander-schauffele,"San Diego, CA","5'10""",32,"Scripps Ranch High School Long Beach State University, San Diego State University"
Hannah ROBERTS,hannah-roberts,https://www.teamusa.com/profiles/hannah-roberts,Unknown,Unknown,Unknown,Unknown
Cory JUNEAU,cory-juneau,https://www.teamusa.com/profiles/cory-juneau,Unknown,Unknown,Unknown,Unknown
Jagger EATON,jagger-eaton,https://www.teamusa.com/profiles/jagger-eaton,Unknown,Unknown,Unknown,Unknown
Sarah ROBLES,sarah-robles,https://www.teamusa.com/profiles/sarah-robles,"Desert Hot Springs, CA",5’10.5,37,University of Alabama
Katherine Elizabeth NYE,katherine-nye,https://www.teamusa.com/profiles/katherine-nye,Unknown,Unknown,Unknown,Unknown
Courtney FRERICHS,courtney-frerichs,https://www.teamusa.com/profiles/courtney-frerichs,Unknown,Unknown,Unknown,Unknown
Ryan CROUSER,ryan-crouser,https://www.teamusa.com/profiles/ryan-crouser,Unknown,Unknown,Unknown,Unknown
Joe KOVACS,joe-kovacs,https://www.teamusa.com/profiles/joe-kovacs,"Bethlehem, PA","6'0""",36,Penn State University
Brittney REESE,brittney-reese,https://www.teamusa.com/profiles/brittney-reese,Unknown,Unknown,Unknown,Unknown
Grant HOLLOWAY,grant-holloway,https://www.teamusa.com/profiles/grant-holloway,Unknown,Unknown,Unknown,Unknown
Noah LYLES,noah-lyles,https://www.teamusa.com/profiles/noah-lyles,"Alexandria, VA","5'11""",28,TC Williams High School
Kenneth BEDNAREK,kenneth-bednarek,https://www.teamusa.com/profiles/kenneth-bednarek,Unknown,Unknown,Unknown,Unknown
Allyson FELIX,allyson-felix,https://www.teamusa.com/profiles/allyson-felix,Unknown,Unknown,Unknown,Unknown
Molly SEIDEL,molly-seidel,https://www.teamusa.com/profiles/molly-seidel,Unknown,Unknown,Unknown,Unknown
Raven SAUNDERS,raven-saunders,https://www.teamusa.com/profiles/raven-saunders,Unknown,Unknown,Unknown,Unknown
Katie NAGEOTTE,katie-nageotte,https://www.teamusa.com/profiles/katie-nageotte,Unknown,Unknown,Unknown,Unknown
Kendra HARRISON,kendra-harrison,https://www.teamusa.com/profiles/kendra-harrison,Unknown,Unknown,Unknown,Unknown
Valarie ALLMAN,valarie-allman,https://www.teamusa.com/profiles/valarie-allman,Unknown,Unknown,Unknown,Unknown
Athing MU,athing-mu,https://www.teamusa.com/profiles/athing-mu,"Trenton, NJ","5'10""",23,Texas A&M University
Raevyn ROGERS,raevyn-rogers,https://www.teamusa.com/profiles/raevyn-rogers,"Houston, TX","5'9""",29,University of Oregon
Fred KERLEY,fred-kerley,https://www.teamusa.com/profiles/fred-kerley,Unknown,Unknown,Unknown,Unknown
Christopher NILSEN,christopher-nilsen,https://www.teamusa.com/profiles/christopher-nilsen,Unknown,Unknown,Unknown,Unknown
Sydney MCLAUGHLIN,sydney-mclaughlin,https://www.teamusa.com/profiles/sydney-mclaughlin,"Dunellen, NJ","5'9""",26,University of Kentucky
Dalilah MUHAMMAD,dalilah-muhammad,https://www.teamusa.com/profiles/dalilah-muhammad,Unknown,Unknown,Unknown,Unknown
Rai BENJAMIN,rai-benjamin,https://www.teamusa.com/profiles/rai-benjamin,Unknown,Unknown,Unknown,Unknown
Gabrielle THOMAS,gabrielle-thomas,https://www.teamusa.com/profiles/gabrielle-thomas,"Atlanta, GA","5'10""",29,Harvard University
Paul Kipkemoi CHELIMO,paul-chelimo,https://www.teamusa.com/profiles/paul-chelimo,Unknown,Unknown,Unknown,Unknown
Jay LITHERLAND,jay-litherland,https://www.teamusa.com/profiles/jay-litherland,"Athens, GA","6'0""",30,"University of Georgia ‘18, Business"
Chase KALISZ,chase-kalisz,https://www.teamusa.com/profiles/chase-kalisz,Unknown,Unknown,Unknown,Unknown
Katie LEDECKY,katie-ledecky,https://www.teamusa.com/profiles/katie-ledecky,Unknown,Unknown,Unknown,Unknown
Lilly KING,lilly-king,https://www.teamusa.com/profiles/lilly-king,"Evansville, IN","5'9""",29,Indiana University
Lydia JACOBY,lydia-jacoby,https://www.teamusa.com/profiles/lydia-jacoby,Unknown,Unknown,Unknown,Unknown
Hali FLICKINGER,hali-flickinger,https://www.teamusa.com/profiles/hali-flickinger,Unknown,Unknown,Unknown,Unknown
Regan SMITH,regan-smith,https://www.teamusa.com/profiles/regan-smith,Unknown,Unknown,Unknown,Unknown
Erica SULLIVAN,erica-sullivan,https://www.teamusa.com/profiles/erica-sullivan,Unknown,Unknown,Unknown,Unknown
Kieran SMITH,kieran-smith,https://www.teamusa.com/profiles/kieran-smith,Unknown,Unknown,Unknown,Unknown
Emma WEYANT,emma-weyant,https://www.teamusa.com/profiles/emma-weyant,Unknown,Unknown,Unknown,Unknown
Caeleb DRESSEL,caeleb-dressel,https://www.teamusa.com/profiles/caeleb-dressel,Unknown,Unknown,Unknown,Unknown
Annie LAZOR,annie-lazor,https://www.teamusa.com/profiles/annie-lazor,Unknown,Unknown,Unknown,Unknown
Ryan MURPHY,ryan-murphy,https://www.teamusa.com/profiles/ryan-murphy,"Jacksonville, FL","6'3""",30,University of California
Robert FINKE,robert-finke,https://www.teamusa.com/profiles/robert-finke,Unknown,Unknown,Unknown,Unknown
Alex WALSH,alex-walsh,https://www.teamusa.com/profiles/alex-walsh,Unknown,Unknown,Unknown,Unknown
Kate DOUGLASS,kate-douglass,https://www.teamusa.com/profiles/kate-douglass,"Pelham, NY","5'10""",24,University of Virginia
Ariel TORRES GUTIERREZ,ariel-gutierrez,https://www.teamusa.com/profiles/ariel-gutierrez,Unknown,Unknown,Unknown,Unknown
April ROSS,april-ross,https://www.teamusa.com/profiles/april-ross,"Costa Mesa, CA","5'9""",43,University of Southern California
Alexandra KLINEMAN,alexandra-klineman,https://www.teamusa.com/profiles/alexandra-klineman,Unknown,Unknown,Unknown,Unknown
Kyle MACK,kyle-mack,https://www.teamusa.com/profiles/kyle-mack,Unknown,Unknown,Unknown,Unknown
Jamie ANDERSON,jamie-anderson,https://www.teamusa.com/profiles/jamie-anderson,"South Lake Tahoe, CA","5'2""",35,Unknown
Arielle Gold,arielle-gold,https://www.teamusa.com/profiles/arielle-gold,Unknown,Unknown,Unknown,Unknown
Shaun WHITE,shaun-white,https://www.teamusa.com/profiles/shaun-white,"Carlsbad, CA","5'9""",39,"Carlsbad High School (Carlsbad, Calif.)"
Redmond GERARD,redmond-gerard,https://www.teamusa.com/profiles/redmond-gerard,Unknown,Unknown,Unknown,Unknown
Brita SIGOURNEY,brita-sigourney,https://www.teamusa.com/profiles/brita-sigourney,Unknown,Unknown,Unknown,Unknown
Maia SHIBUTANI,maia-shibutani,https://www.teamusa.com/profiles/maia-shibutani,Unknown,Unknown,Unknown,Unknown
Alex SHIBUTANI,alex-shibutani,https://www.teamusa.com/profiles/alex-shibutani,Unknown,Unknown,Unknown,Unknown
John-Henry KRUEGER,john-henry-krueger,https://www.teamusa.com/profiles/john-henry-krueger,Unknown,Unknown,Unknown,Unknown
Mikaela SHIFFRIN,mikaela-shiffrin,https://www.teamusa.com/profiles/mikaela-shiffrin,"Edwards, CO","5'7""",31,Burke Mountain Academy
Lindsey VONN,lindsey-vonn,https://www.teamusa.com/profiles/lindsey-vonn,Unknown,Unknown,Unknown,Unknown
Chris MAZDZER,chris-mazdzer,https://www.teamusa.com/profiles/chris-mazdzer,Unknown,Unknown,Unknown,Unknown
Kikkan RANDALL,kikkan-randall,https://www.teamusa.com/profiles/kikkan-randall,"Anchorage, AK","5'5""",43,"East Anchorage High School (Anchorage, Alaska) '01 Alaska Pacific University '17, Business"
Lauren GIBBS,lauren-gibbs,https://www.teamusa.com/profiles/lauren-gibbs,Unknown,Unknown,Unknown,Unknown
Alise POST,alise-post,https://www.teamusa.com/profiles/alise-post,Unknown,Unknown,Unknown,Unknown
Connor FIELDS,connor-fields,https://www.teamusa.com/profiles/connor-fields,Unknown,Unknown,Unknown,Unknown
Matt KUCHAR,matt-kuchar,https://www.teamusa.com/profiles/matt-kuchar,Unknown,Unknown,Unknown,Unknown
Alexander MASSIALAS,alexander-massialas,https://www.teamusa.com/profiles/alexander-massialas,Unknown,Unknown,Unknown,Unknown
Daryl HOMER,daryl-homer,https://www.teamusa.com/profiles/daryl-homer,Unknown,Unknown,Unknown,Unknown
Corey COGDELL,corey-cogdell,https://www.teamusa.com/profiles/corey-cogdell,Unknown,Unknown,Unknown,Unknown
Virginia THRASHER,virginia-thrasher,https://www.teamusa.com/profiles/virginia-thrasher,Unknown,Unknown,Unknown,Unknown
Kimberly RHODE,kimberly-rhode,https://www.teamusa.com/profiles/kimberly-rhode,Unknown,Unknown,Unknown,Unknown
Sarah HAMMER,sarah-hammer,https://www.teamusa.com/profiles/sarah-hammer,"Temecula, CA","5'7""",42,"Chaparral High School (Temecula, Calif.) ‘00 Palomar College '13, Liberal Studies"
Jenny Barringer-Simpson,jenny-barringer-simpson,https://www.teamusa.com/profiles/jenny-barringer-simpson,Unknown,Unknown,Unknown,Unknown
Clayton MURPHY,clayton-murphy,https://www.teamusa.com/profiles/clayton-murphy,Unknown,Unknown,Unknown,Unknown
Justin GATLIN,justin-gatlin,https://www.teamusa.com/profiles/justin-gatlin,Unknown,Unknown,Unknown,Unknown
Sam KENDRICKS,sam-kendricks,https://www.teamusa.com/profiles/sam-kendricks,"Oxford, MS","6'1""",33,University of Mississippi
Emma COBURN,emma-coburn,https://www.teamusa.com/profiles/emma-coburn,Unknown,Unknown,Unknown,Unknown
Ashton EATON,ashton-eaton,https://www.teamusa.com/profiles/ashton-eaton,Unknown,Unknown,Unknown,Unknown
Brianna ROLLINS,brianna-rollins,https://www.teamusa.com/profiles/brianna-rollins,"Miami, FL","5'5""",34,"Miami Northwestern High School (Miami, Fla.) ‘09 Clemson University ’13, Parks, Recreation and Tourism Management"
Nia ALI,nia-ali,https://www.teamusa.com/profiles/nia-ali,Unknown,Unknown,Unknown,Unknown
Kristi CASTLIN,kristi-castlin,https://www.teamusa.com/profiles/kristi-castlin,Unknown,Unknown,Unknown,Unknown
Matthew CENTROWITZ,matthew-centrowitz,https://www.teamusa.com/profiles/matthew-centrowitz,"Arnold, MD","5'9""",36,University of Oregon
Sandi MORRIS,sandi-morris,https://www.teamusa.com/profiles/sandi-morris,Unknown,Unknown,Unknown,Unknown
Michelle CARTER,michelle-carter,https://www.teamusa.com/profiles/michelle-carter,Unknown,Unknown,Unknown,Unknown
Galen RUPP,galen-rupp,https://www.teamusa.com/profiles/galen-rupp,Unknown,Unknown,Unknown,Unknown
Kerron CLEMENT,kerron-clement,https://www.teamusa.com/profiles/kerron-clement,Unknown,Unknown,Unknown,Unknown
Tianna BARTOLETTA,tianna-bartoletta,https://www.teamusa.com/profiles/tianna-bartoletta,Unknown,Unknown,Unknown,Unknown
Christian TAYLOR,christian-taylor,https://www.teamusa.com/profiles/christian-taylor,Unknown,Unknown,Unknown,Unknown
Will CLAYE,will-claye,https://www.teamusa.com/profiles/will-claye,Unknown,Unknown,Unknown,Unknown
Lashawn MERRITT,lashawn-merritt,https://www.teamusa.com/profiles/lashawn-merritt,Unknown,Unknown,Unknown,Unknown
Tori BOWIE,tori-bowie,https://www.teamusa.com/profiles/tori-bowie,"Sandhill, MS","5'9""",Died (Aged 32),"University of Southern Mississippi ‘12, Interdisciplinary Studies"
Ashley SPENCER,ashley-spencer,https://www.teamusa.com/profiles/ashley-spencer,Unknown,Unknown,Unknown,Unknown
Evan JAGER,evan-jager,https://www.teamusa.com/profiles/evan-jager,Unknown,Unknown,Unknown,Unknown
Jeff HENDERSON,jeff-henderson,https://www.teamusa.com/profiles/jeff-henderson,Unknown,Unknown,Unknown,Unknown
Kerri WALSH JENNINGS,kerri-walsh-jennings,https://www.teamusa.com/profiles/kerri-walsh-jennings,"Saratoga, CA","6'3""",47,Stanford University
Genevra STONE,genevra-stone,https://www.teamusa.com/profiles/genevra-stone,Unknown,Unknown,Unknown,Unknown
Brady ELLISON,brady-ellison,https://www.teamusa.com/profiles/brady-ellison,"Billings, MT","6'0""",37,GED while living at Chula Vista OTC
Danell LEYVA,danell-leyva,https://www.teamusa.com/profiles/danell-leyva,Unknown,Unknown,Unknown,Unknown
Madison KOCIAN,madison-kocian,https://www.teamusa.com/profiles/madison-kocian,Unknown,Unknown,Unknown,Unknown
Alexandra RAISMAN,alexandra-raisman,https://www.teamusa.com/profiles/alexandra-raisman,Unknown,Unknown,Unknown,Unknown
Lauren HERNANDEZ,lauren-hernandez,https://www.teamusa.com/profiles/lauren-hernandez,Unknown,Unknown,Unknown,Unknown
Alexander NADDOUR,alexander-naddour,https://www.teamusa.com/profiles/alexander-naddour,Unknown,Unknown,Unknown,Unknown
Nico Miguel HERNANDEZ,nico-hernandez,https://www.teamusa.com/profiles/nico-hernandez,Unknown,Unknown,Unknown,Unknown
Claressa Maria SHIELDS,claressa-shields,https://www.teamusa.com/profiles/claressa-shields,Unknown,Unknown,Unknown,Unknown
Shakur STEVENSON,shakur-stevenson,https://www.teamusa.com/profiles/shakur-stevenson,Unknown,Unknown,Unknown,Unknown
Jden Michael Tbory COX,jden-cox,https://www.teamusa.com/profiles/jden-cox,Unknown,Unknown,Unknown,Unknown
Caleb PAINE,caleb-paine,https://www.teamusa.com/profiles/caleb-paine,Unknown,Unknown,Unknown,Unknown
Kristin ARMSTRONG,kristin-armstrong,https://www.teamusa.com/profiles/kristin-armstrong,Unknown,Unknown,Unknown,Unknown
David BOUDIA,david-boudia,https://www.teamusa.com/profiles/david-boudia,Unknown,Unknown,Unknown,Unknown
Steele JOHNSON,steele-johnson,https://www.teamusa.com/profiles/steele-johnson,Unknown,Unknown,Unknown,Unknown
Sam DORMAN,sam-dorman,https://www.teamusa.com/profiles/sam-dorman,"Tempe, AZ","5'9""",34,Marcos de Niza University of Miami
Kayla HARRISON,kayla-harrison,https://www.teamusa.com/profiles/kayla-harrison,"Middletown, OH","5'8""",35,Middletown High School '08 Harvard University
Travis STEVENS,travis-stevens,https://www.teamusa.com/profiles/travis-stevens,"Tacoma, WA","5'11""",40,North Shore Community College
Phillip DUTTON,phillip-dutton,https://www.teamusa.com/profiles/phillip-dutton,Unknown,Unknown,Unknown,Unknown
Jackie Galloway,jackie-galloway,https://www.teamusa.com/profiles/jackie-galloway,"Wylie, TX","5'10""",30,"Wylie High School (Wylie, Texas) '14 Southern Methodist University, Mechanical Engineering"
Kathleen BAKER,kathleen-baker,https://www.teamusa.com/profiles/kathleen-baker,"Winston Salem, NC","5'8""",29,"Forsyth Country Day School (Lewisville, N.C.); Homeschooled ‘15 University of California, Berkeley ‘19, Public Health"
Michael PHELPS,michael-phelps,https://www.teamusa.com/profiles/michael-phelps,"Towson, MD","6'4""",40,"Towson High School (Towson, Md.) ’03 University of Michigan"
Katie MEILI,katie-meili,https://www.teamusa.com/profiles/katie-meili,"Colleyville, TX","5'7""",34,"Nolan Catholic High School (Concord, Calif.) ‘09 Columbia University ’13, Psychology"
Madeline DIRADO,madeline-dirado,https://www.teamusa.com/profiles/madeline-dirado,Unknown,Unknown,Unknown,Unknown
Cody MILLER,cody-miller,https://www.teamusa.com/profiles/cody-miller,"Las Vegas, NV","5'11""",34,"Palo Verde High School (Las Vegas, Nev.) ‘10  Indiana University ‘15, Business Management"
Leah SMITH,leah-smith,https://www.teamusa.com/profiles/leah-smith,Unknown,Unknown,Unknown,Unknown
Dana VOLLMER,dana-vollmer,https://www.teamusa.com/profiles/dana-vollmer,"Granbury, TX","6'1""",38,"Granbury High School (Granbury, Texas) ‘05 University of California, Berkeley ‘10, Anthropology"
Anthony ERVIN,anthony-ervin,https://www.teamusa.com/profiles/anthony-ervin,"Valencia, CA","6'3""",44,"William S. Hart High School (Newhall, Calif.) ‘99 University of California, Berkeley ‘10, English"
Nathan ADRIAN,nathan-adrian,https://www.teamusa.com/profiles/nathan-adrian,"Bremerton, WA","6'6""",37,"Bremerton High School (Bremerton, Wash.) ‘06 University of California – Berkeley ‘12, Public Health"
David PLUMMER,david-plummer,https://www.teamusa.com/profiles/david-plummer,Unknown,Unknown,Unknown,Unknown
Simone MANUEL,simone-manuel,https://www.teamusa.com/profiles/simone-manuel,"Sugar Land, TX","5'10""",29,Stanford University
Josh PRENOT,josh-prenot,https://www.teamusa.com/profiles/josh-prenot,Unknown,Unknown,Unknown,Unknown
Conor DWYER,conor-dwyer,https://www.teamusa.com/profiles/conor-dwyer,Unknown,Unknown,Unknown,Unknown
Connor JAEGER,connor-jaeger,https://www.teamusa.com/profiles/connor-jaeger,Unknown,Unknown,Unknown,Unknown
Gwen JORGENSEN,gwen-jorgensen,https://www.teamusa.com/profiles/gwen-jorgensen,"St. Paul, MN","5'10""",39,University of Wisconsin
Steve JOHNSON,steve-johnson,https://www.teamusa.com/profiles/steve-johnson,"Orange, CA","6'2""",36,"Orange High School (Orange, Calif.) ‘08 University of Southern California ‘12, Human Performance"
Jack SOCK,jack-sock,https://www.teamusa.com/profiles/jack-sock,Unknown,Unknown,Unknown,Unknown
Bethanie MATTEK-SANDS,bethanie-mattek-sands,https://www.teamusa.com/profiles/bethanie-mattek-sands,"Phoenix, AZ","5'6""",41,Homeschooled
Venus WILLIAMS,venus-williams,https://www.teamusa.com/profiles/venus-williams,Unknown,Unknown,Unknown,Unknown
Rajeev RAM,rajeev-ram,https://www.teamusa.com/profiles/rajeev-ram,Unknown,Unknown,Unknown,Unknown
Steven HOLCOMB,steven-holcomb,https://www.teamusa.com/profiles/steven-holcomb,"Park City, UT","5'10""",Died (Aged 37),University of Utah; DeVry University
Steven LANGTON,steven-langton,https://www.teamusa.com/profiles/steven-langton,Unknown,Unknown,Unknown,Unknown
Lauryn WILLIAMS,lauryn-williams,https://www.teamusa.com/profiles/lauryn-williams,Miami,"5'3""",Unknown,Unknown
Jamie GREUBEL POSER,jamie-greubel-poser,https://www.teamusa.com/profiles/jamie-greubel-poser,"Newtown, PA","5'9""",42,Cornell University
Aja EVANS,aja-evans,https://www.teamusa.com/profiles/aja-evans,Unknown,Unknown,Unknown,Unknown
Andrew WEIBRECHT,andrew-weibrecht,https://www.teamusa.com/profiles/andrew-weibrecht,Unknown,Unknown,Unknown,Unknown
Bode MILLER,bode-miller,https://www.teamusa.com/profiles/bode-miller,"Franconia, NH","6'2""",48,"Carrabassett Valley Academy (Carrabassett Valley, Maine)"
Julia MANCUSO,julia-mancuso,https://www.teamusa.com/profiles/julia-mancuso,Unknown,Unknown,Unknown,Unknown
Ted LIGETY,ted-ligety,https://www.teamusa.com/profiles/ted-ligety,"Park City, UT","5'11""",41,"The Winter Sports School (Park City, Utah) '02"
Meryl DAVIS,meryl-davis,https://www.teamusa.com/profiles/meryl-davis,Unknown,Unknown,Unknown,Unknown
Charlie WHITE,charlie-white,https://www.teamusa.com/profiles/charlie-white,"Bloomfield Hills, MI","5’9""",38,University of Michigan '14
Kaitlyn FARRINGTON,kaitlyn-farrington,https://www.teamusa.com/profiles/kaitlyn-farrington,Unknown,Unknown,Unknown,Unknown
Kelly CLARK,kelly-clark,https://www.teamusa.com/profiles/kelly-clark,Unknown,Unknown,Unknown,Unknown
Sage KOTSENBURG,sage-kotsenburg,https://www.teamusa.com/profiles/sage-kotsenburg,Unknown,Unknown,Unknown,Unknown
Alex DEIBOLD,alex-deibold,https://www.teamusa.com/profiles/alex-deibold,Unknown,Unknown,Unknown,Unknown
Matt ANTOINE,matt-antoine,https://www.teamusa.com/profiles/matt-antoine,Unknown,Unknown,Unknown,Unknown
Noelle PIKUS-PACE,noelle-pikus-pace,https://www.teamusa.com/profiles/noelle-pikus-pace,"Orem, UT","5'10""",43,"Utah Valley State College '05, Community Health and Physical Education; Colorado Technical University '08,  MBA"
Erin HAMLIN,erin-hamlin,https://www.teamusa.com/profiles/erin-hamlin,Unknown,Unknown,Unknown,Unknown
Devin LOGAN,devin-logan,https://www.teamusa.com/profiles/devin-logan,Unknown,Unknown,Unknown,Unknown
Maddie BOWMAN,maddie-bowman,https://www.teamusa.com/profiles/maddie-bowman,"South Lake Tahoe, CA","5'1""",32,"South Tahoe High School (South Lake Tahoe, Calif.) Westminster College"
Hannah KEARNEY,hannah-kearney,https://www.teamusa.com/profiles/hannah-kearney,"Norwich, VT",5’6”,40,Westminster College
Joss CHRISTENSEN,joss-christensen,https://www.teamusa.com/profiles/joss-christensen,Unknown,Unknown,Unknown,Unknown
Gus KENWORTHY,gus-kenworthy,https://www.teamusa.com/profiles/gus-kenworthy,"Telluride, CO","5'10""",34,Telluride High School ‘10
Missy FRANKLIN,missy-franklin,https://www.teamusa.com/profiles/missy-franklin,"Centennial, CO","6'2""",30,"Regis Jesuit High School (Aurora, Colo.) ‘13 University of California, Berkeley"
Caitlin LEVERENZ,caitlin-leverenz,https://www.teamusa.com/profiles/caitlin-leverenz,Unknown,Unknown,Unknown,Unknown
Tyler CLARY,tyler-clary,https://www.teamusa.com/profiles/tyler-clary,"Riverside, CA",6’1”,37,"Riverside Polytechnic High School (Riverside, Calif.) University of Michigan"
Ryan LOCHTE,ryan-lochte,https://www.teamusa.com/profiles/ryan-lochte,Unknown,Unknown,Unknown,Unknown
Rebecca SONI,rebecca-soni,https://www.teamusa.com/profiles/rebecca-soni,Plainsboro,5’8”,39,USC
Brendan HANSEN,brendan-hansen,https://www.teamusa.com/profiles/brendan-hansen,Haverton,6’0”,44,University of Texas
Matt GREVERS,matt-grevers,https://www.teamusa.com/profiles/matt-grevers,Unknown,Unknown,Unknown,Unknown
Nick THOMAN,nick-thoman,https://www.teamusa.com/profiles/nick-thoman,Cincinnati,6’1”,40,University of Arizona
Cullen JONES,cullen-jones,https://www.teamusa.com/profiles/cullen-jones,Irvington,6’5”,42,North Carolina State University
Allison SCHMITT,allison-schmitt,https://www.teamusa.com/profiles/allison-schmitt,Unknown,Unknown,Unknown,Unknown
Elizabeth BEISEL,elizabeth-beisel,https://www.teamusa.com/profiles/elizabeth-beisel,Unknown,Unknown,Unknown,Unknown
Peter VANDERKAAY,peter-vanderkaay,https://www.teamusa.com/profiles/peter-vanderkaay,Rochester,6’4”,42,"University of Michigan, Keller Graduate School of Management"
Nicholas MCCRORY,nicholas-mccrory,https://www.teamusa.com/profiles/nicholas-mccrory,Unknown,Unknown,Unknown,Unknown
Kelci BRYANT,kelci-bryant,https://www.teamusa.com/profiles/kelci-bryant,Unknown,Unknown,Unknown,Unknown
Abigail JOHNSTON,abigail-johnston,https://www.teamusa.com/profiles/abigail-johnston,Unknown,Unknown,Unknown,Unknown
Troy DUMAIS,troy-dumais,https://www.teamusa.com/profiles/troy-dumais,Unknown,Unknown,Unknown,Unknown
Kristian IPSEN,kristian-ipsen,https://www.teamusa.com/profiles/kristian-ipsen,Unknown,Unknown,Unknown,Unknown
Georgia GOULD,georgia-gould,https://www.teamusa.com/profiles/georgia-gould,Unknown,Unknown,Unknown,Unknown
Reese HOFFA,reese-hoffa,https://www.teamusa.com/profiles/reese-hoffa,Athens,5’11”,48,University of Georgia
Leonel MANZANO,leonel-manzano,https://www.teamusa.com/profiles/leonel-manzano,Unknown,Unknown,Unknown,Unknown
Dawn HARPER,dawn-harper,https://www.teamusa.com/profiles/dawn-harper,Unknown,Unknown,Unknown,Unknown
Kellie WELLS,kellie-wells,https://www.teamusa.com/profiles/kellie-wells,Richmond,5’3”,Unknown,"Hampton University, '06"
Carmelita JETER,carmelita-jeter,https://www.teamusa.com/profiles/carmelita-jeter,Gardena,5’4”,46,Cal State Dominguez
Janay DELOACH,janay-deloach,https://www.teamusa.com/profiles/janay-deloach,"Fort Collins, CO","5'5""",40,"Ben Eielson High School (Eielson A.F.B., Alaska) ‘03 Colorado State University ‘08, Psychology, Human Development and Family Studies (bachelor’s); ‘12, Occupational Therapy (master’s)"
Sanya RICHARDS-ROSS,sanya-richards-ross,https://www.teamusa.com/profiles/sanya-richards-ross,Unknown,Unknown,Unknown,Unknown
DeeDee TROTTER,deedee-trotter,https://www.teamusa.com/profiles/deedee-trotter,Cedar Grove,5’10”,43,"University of Tennessee '05, Sociology and Criminal Justice"
Aries MERRITT,aries-merritt,https://www.teamusa.com/profiles/aries-merritt,Unknown,Unknown,Unknown,Unknown
Jason RICHARDSON,jason-richardson,https://www.teamusa.com/profiles/jason-richardson,Iglewood,6’2”,40,University of South Carolina
Erik KYNARD,erik-kynard,https://www.teamusa.com/profiles/erik-kynard,Unknown,Unknown,Unknown,Unknown
Lashinda DEMUS,lashinda-demus,https://www.teamusa.com/profiles/lashinda-demus,Long Beach,5’7”,43,University of South Carolina
Trey HARDEE,trey-hardee,https://www.teamusa.com/profiles/trey-hardee,Unknown,Unknown,Unknown,Unknown
Michael TINSLEY,michael-tinsley,https://www.teamusa.com/profiles/michael-tinsley,Unknown,Unknown,Unknown,Unknown
Brigetta BARRETT,brigetta-barrett,https://www.teamusa.com/profiles/brigetta-barrett,Tuscon,6’0”,35,"University of Arizona '13, Theatre Arts"
Jenn Stuczynski-Suhr,jenn-stuczynski-suhr,https://www.teamusa.com/profiles/jenn-stuczynski-suhr,Unknown,Unknown,Unknown,Unknown
Jamie BEYERLE,jamie-beyerle,https://www.teamusa.com/profiles/jamie-beyerle,Unknown,Unknown,Unknown,Unknown
Matthew EMMONS,matthew-emmons,https://www.teamusa.com/profiles/matthew-emmons,Unknown,Unknown,Unknown,Unknown
Tervel Ivaylov DLAGNEV,tervel-dlagnev,https://www.teamusa.com/profiles/tervel-dlagnev,Unknown,Unknown,Unknown,Unknown
Jordan Ernest BURROUGHS,jordan-burroughs,https://www.teamusa.com/profiles/jordan-burroughs,"Sicklerville, NJ","5'9""",37,University of Nebraska-Lincoln
Clarissa Kyoko Mei Ling CHUN,clarissa-chun,https://www.teamusa.com/profiles/clarissa-chun,Unknown,Unknown,Unknown,Unknown
Coleman SCOTT,coleman-scott,https://www.teamusa.com/profiles/coleman-scott,Unknown,"5'8""",39,"Waynesburg, Pa. (Central)"
Jacob Stephen VARNER,jacob-varner,https://www.teamusa.com/profiles/jacob-varner,Unknown,Unknown,Unknown,Unknown
Haley ANDERSON,haley-anderson,https://www.teamusa.com/profiles/haley-anderson,"Granite Bay, CA","5'10""",34,"Granite Bay High School (Granite Bay, Calif.) '09 University of Southern California ’13, Communications"
Marlen ESPARZA,marlen-esparza,https://www.teamusa.com/profiles/marlen-esparza,Unknown,Unknown,Unknown,Unknown
Mc Kayla MARONEY,mc-maroney,https://www.teamusa.com/profiles/mc-maroney,Unknown,Unknown,Unknown,Unknown
Gabrielle DOUGLAS,gabrielle-douglas,https://www.teamusa.com/profiles/gabrielle-douglas,Unknown,Unknown,Unknown,Unknown
Lisa RAYMOND,lisa-raymond,https://www.teamusa.com/profiles/lisa-raymond,Wayne,5’5”,52,University of Florida
Mike BRYAN,mike-bryan,https://www.teamusa.com/profiles/mike-bryan,"Wesley Chapel, FL","6'3""",47,"Rio Mesa High School (Oxnard, Calif.) ‘96 Stanford University ‘98 Business Administration"
Serena WILLIAMS,serena-williams,https://www.teamusa.com/profiles/serena-williams,Unknown,Unknown,Unknown,Unknown
Bob BRYAN,bob-bryan,https://www.teamusa.com/profiles/bob-bryan,"Wesley Chapel, FL","6'4""",47,"Mesa High School (Oxnard, Calif.) ‘96 Stanford University '98"
Marti MALLOY,marti-malloy,https://www.teamusa.com/profiles/marti-malloy,Unknown,Unknown,Unknown,Unknown
Misty MAY-TREANOR,misty-may-treanor,https://www.teamusa.com/profiles/misty-may-treanor,Unknown,Unknown,Unknown,Unknown
Jennifer KESSY,jennifer-kessy,https://www.teamusa.com/profiles/jennifer-kessy,"San Juan Capistrano, CA","6'0""",48,"University of Southern California '00, history"
Terrence JENNINGS,terrence-jennings,https://www.teamusa.com/profiles/terrence-jennings,Unknown,Unknown,Unknown,Unknown
Paige MCPHERSON,paige-mcpherson,https://www.teamusa.com/profiles/paige-mcpherson,Unknown,Unknown,Unknown,Unknown
Evan LYSACEK,evan-lysacek,https://www.teamusa.com/profiles/evan-lysacek,Naperville,6’2”,40,Unknown
Bryon WILSON,bryon-wilson,https://www.teamusa.com/profiles/bryon-wilson,Butte,5’,38,West
Shannon BAHRKE,shannon-bahrke,https://www.teamusa.com/profiles/shannon-bahrke,Tahoe City,"5'4""",45,"Bahrke started skiing at 3 years old with her mom, Trilla. In seventh grade, a high school coach convinced her to try alpine racing. It took daily calls for two months from a Palisades Tahoe coach to eventually get her to give freestyle a shot. Her brother, Scotty, is an aerialist on the U.S. Ski Team. In 2003, Bahrke suffered a season-ending broken jaw in Japan. She missed the 2008 season after blowing out her knee on the eve of the first World Cup competition."
Jeret PETERSON,jeret-peterson,https://www.teamusa.com/profiles/jeret-peterson,Boise,"5'9""",Died (Aged 29),University of Utah
Shani DAVIS,shani-davis,https://www.teamusa.com/profiles/shani-davis,"Chicago, IL","6'2""",43,Unknown
Chad HEDRICK,chad-hedrick,https://www.teamusa.com/profiles/chad-hedrick,Unknown,Unknown,Unknown,Unknown
Erin PAC,erin-pac,https://www.teamusa.com/profiles/erin-pac,Farmington,"5'7""",45,"Pac received a bachelors of science in rehabilitation and disabilities studies with a concentration in rehabilitation counseling from Springfield College. While attending Springfield, Pac ran track and field. She tends to be more of a homebody, as she enjoys watching movies, swimming and having barbecues with her friends. Her favorite movie is Serendipity."
Johnny SPILLANE,johnny-spillane,https://www.teamusa.com/profiles/johnny-spillane,Steamboat Springs,6’0”,45,Colorado Mountain College
William Michael DEMONG,william-demong,https://www.teamusa.com/profiles/william-demong,Unknown,Unknown,Unknown,Unknown
Katherine REUTTER,katherine-reutter,https://www.teamusa.com/profiles/katherine-reutter,Unknown,Unknown,Unknown,Unknown
Apolo Anton OHNO,apolo-ohno,https://www.teamusa.com/profiles/apolo-ohno,Unknown,Unknown,Unknown,Unknown
J R CELSKI,j-celski,https://www.teamusa.com/profiles/j-celski,Unknown,Unknown,Unknown,Unknown
Seth WESCOTT,seth-wescott,https://www.teamusa.com/profiles/seth-wescott,Sugarloaf,6’1”,49,Western State College
Scott LAGO,scott-lago,https://www.teamusa.com/profiles/scott-lago,Unknown,Unknown,Unknown,Unknown
Hannah TETER,hannah-teter,https://www.teamusa.com/profiles/hannah-teter,Unknown,Unknown,Unknown,Unknown
Jill KINTNER,jill-kintner,https://www.teamusa.com/profiles/jill-kintner,Seattle,"5'7""",44,California College of Arts
Mike DAY,mike-day,https://www.teamusa.com/profiles/mike-day,Unknown,Unknown,Unknown,Unknown
Donny ROBINSON,donny-robinson,https://www.teamusa.com/profiles/donny-robinson,Unknown,"5'4""",42,Unknown
Mariel ZAGUNIS,mariel-zagunis,https://www.teamusa.com/profiles/mariel-zagunis,Unknown,Unknown,Unknown,Unknown
Sada JACOBSON,sada-jacobson,https://www.teamusa.com/profiles/sada-jacobson,Dunwoody,"5' 7""",43,Unknown
Becca WARD,becca-ward,https://www.teamusa.com/profiles/becca-ward,Unknown,Unknown,Unknown,Unknown
Levi LEIPHEIMER,levi-leipheimer,https://www.teamusa.com/profiles/levi-leipheimer,Unknown,"5'6""",52,University of Utah
Mark LOPEZ,mark-lopez,https://www.teamusa.com/profiles/mark-lopez,Sugar Land,"6'0""",43,University of St. Thomas
Steven LOPEZ,steven-lopez,https://www.teamusa.com/profiles/steven-lopez,Unknown,Unknown,Unknown,Unknown
Diana LOPEZ,diana-lopez,https://www.teamusa.com/profiles/diana-lopez,Sugar Land,"5'10""",42,Kempner High School University of Houston (Downtown)
Michelle GUERETTE,michelle-guerette,https://www.teamusa.com/profiles/michelle-guerette,Unknown,Unknown,Unknown,Unknown
Deontay WILDER,deontay-wilder,https://www.teamusa.com/profiles/deontay-wilder,Unknown,Unknown,Unknown,Unknown
Henry CEJUDO,henry-cejudo,https://www.teamusa.com/profiles/henry-cejudo,Colorado Springs,"5'4""",39,"Colorado Springs, Colo. (Coronado)"
Randi MILLER,randi-miller,https://www.teamusa.com/profiles/randi-miller,Unknown,"5'2""",Unknown,"Arlington, Texas (Martin) Northern Michigan, MacMurray, Neosho County CC"
Adam WHEELER,adam-wheeler,https://www.teamusa.com/profiles/adam-wheeler,Lancaster,"6'3""",45,"Lancaster, Calif. (Lancaster) Northern Michigan"
Hyleas FOUNTAIN,hyleas-fountain,https://www.teamusa.com/profiles/hyleas-fountain,Harrisburg,"5'7""",45,University of Georgia
David PAYNE,david-payne,https://www.teamusa.com/profiles/david-payne,Cincinnati,"6'1""",43,Wyoming (Ohio) HS ‘00 University of Cincinnati ‘04
David OLIVER,david-oliver,https://www.teamusa.com/profiles/david-oliver,Unknown,Unknown,Unknown,Unknown
Stephanie BROWN,stephanie-brown,https://www.teamusa.com/profiles/stephanie-brown,Unknown,Unknown,Unknown,Unknown
Bryan CLAY,bryan-clay,https://www.teamusa.com/profiles/bryan-clay,Glendora,"5'11""",46,Azusa Pacific ‘02
Christian CANTWELL,christian-cantwell,https://www.teamusa.com/profiles/christian-cantwell,Eldon,6’5”,45,Missouri '03
Shawn CRAWFORD,shawn-crawford,https://www.teamusa.com/profiles/shawn-crawford,Van Wyck,"5'11""",48,Indian Land ‘96 Clemson ‘00
Walter DIX,walter-dix,https://www.teamusa.com/profiles/walter-dix,Tallahassee,5’9”,40,Florida State University '08
Shalane FLANAGAN,shalane-flanagan,https://www.teamusa.com/profiles/shalane-flanagan,Unknown,Unknown,Unknown,Unknown
Jeremy WARINER,jeremy-wariner,https://www.teamusa.com/profiles/jeremy-wariner,Grand Prairie,6’0”,42,Baylor University
David NEVILLE,david-neville,https://www.teamusa.com/profiles/david-neville,Merrillville,"6'3""",Unknown,Merrillville (Ind.) HS ‘02 Indiana ‘06
Derek MILES,derek-miles,https://www.teamusa.com/profiles/derek-miles,Jonesboro,6’3”,53,University of South Dakota '96
Chaunte HOWARD,chaunte-howard,https://www.teamusa.com/profiles/chaunte-howard,Atlanta,"5'9""",41,"The #1 ranked American in 2005 and 2006, Howard in 2008 returns to competition after becoming a mother in 2007. Her performance at the 2006 AT&amp;T USA Outdoor Championships proved she is consistently among the world's best. The 22-year-old set a meet record, personal best and 2006 U.S. leader with her winning clearance of 2.01m/6 feet, 7 inches...Howard enjoyed a strong 2005 season that included runner-up finishes at the World, USA and NCAA Outdoor Championships. Howard became the first American woman to win a world outdoor championships high jump medal since National Track &amp; Field Hall of Famer Louise Ritter won bronze at the inaugural World Outdoor Championships in Helsinki in 1983 with her silver medal at the 2005 World Outdoor Championships and a clearance of 2.00m/6-6.75... In clearing the bar at 1.95 meters/6-4.75 on her second attempt at the 2004 U.S. Olympic Trials she became the first Georgia Tech women's track and field athlete to qualify for the Olympics with her runner-up finish in the high jump...the 2004 season began with a school record at the indoor ACC meet, claiming her third straight high jump crown at 1.90m/6-2.75...the Riverside, Calif., native then set a new mark at the NCAA Indoor Championships, clearing the bar at 1.92m/6-3.50 and claiming her first national championship...at the outdoor ACC meet, Howard once again set a new Tech and ACC meet record with a clearance of 1.95m/6-4.75...the sophomore track standout then became the first back-to-back national champion in Tech history with a first-place finish in the high jump at the outdoor NCAA Championships...prior to the U.S. Olympic Trials, the top U.S. women's high jumpers gathered for a pre-trials meet in Provo, Utah, hosted by BYU on June 26. Howard proved she belonged with America's elite, winning the event with a lifetime-best mark of 1.98m/6-6...that mark tied for the best in the United States for the &lsquo;04 outdoor season. Howard first thought of becoming an Olympian at age four and believed her best opportunity for that dream to become a reality was attending Georgia Tech and working under jumps coach Nat Page. ""I felt like that if I came to Tech and worked with coach Page, I could reach my potential,"" said Howard. ""He has trained some of the best in the business and has made this childhood dream become a reality."" A seven-time prep national champion at J.W. North High School, Howard was the Indoor and outdoor national champion in the high jump in 2001 and '02...named one of 33 Nike Athletes of the Year for high school track and field...2001 and '02 indoor and outdoor All-American in the high jump...2001 California state champion in the high jump...claimed All-America honors in the triple jump and 4x200 relay in 2002 and 4x100, 4x200 and 4x400 relay in 2001. Georgia Tech ‘06"
Sheena TOSTA,sheena-tosta,https://www.teamusa.com/profiles/sheena-tosta,Camden,"5'5""",43,Garfield HS (Va.) UCLA ‘05
Angelo TAYLOR,angelo-taylor,https://www.teamusa.com/profiles/angelo-taylor,Decatur,6’2”,47,Georgia Institute of Technology
Bershawn JACKSON,bershawn-jackson,https://www.teamusa.com/profiles/bershawn-jackson,Unknown,Unknown,Unknown,Unknown
Ronda ROUSEY,ronda-rousey,https://www.teamusa.com/profiles/ronda-rousey,Unknown,Unknown,Unknown,Unknown
Beezie MADDEN,beezie-madden,https://www.teamusa.com/profiles/beezie-madden,"Cazenovia, NY","5'6""",62,"Nicolet High School (Glendale, Wis.) ‘81 Southern Seminary Jr. College ‘83, Liberal Arts"
Gina MILES,gina-miles,https://www.teamusa.com/profiles/gina-miles,Creston,"5'3""",52,California Polytechnic State University
Anna TUNNICLIFFE,anna-tunnicliffe,https://www.teamusa.com/profiles/anna-tunnicliffe,Perrysburg,"5'6""",43,Old Dominion University
Zach RAILEY,zach-railey,https://www.teamusa.com/profiles/zach-railey,Clearwater,6’4”,41,"University of Miami '06, Sport Administration/Business Management"
Jason TURNER,jason-turner,https://www.teamusa.com/profiles/jason-turner,Rochester,"6'0""",51,"University of Colorado, Colorado Springs"
Walton ELLER,walton-eller,https://www.teamusa.com/profiles/walton-eller,Unknown,Unknown,Unknown,Unknown
Todd ROGERS,todd-rogers,https://www.teamusa.com/profiles/todd-rogers,"Santa Barbara, CA","6'2""",52,"San Marcos High School UC Santa Barbara, '96 religious studies"
Phil DALHAUSSER,phil-dalhausser,https://www.teamusa.com/profiles/phil-dalhausser,Unknown,Unknown,Unknown,Unknown
Natalie COUGHLIN,natalie-coughlin,https://www.teamusa.com/profiles/natalie-coughlin,"Vallejo, CA",5’8”,43,UC Berkeley
Margaret HOELZER,margaret-hoelzer,https://www.teamusa.com/profiles/margaret-hoelzer,Huntsville,"5'11 (180.3 cm)""",43,Huntsville HS '01 Auburn '05
Katie HOFF,katie-hoff,https://www.teamusa.com/profiles/katie-hoff,Towson,"5'8""",36,Loyola College
Aaron PEIRSOL,aaron-peirsol,https://www.teamusa.com/profiles/aaron-peirsol,Unknown,"6'2""",42,University of Texas at Austin
Christine MAGNUSON,christine-magnuson,https://www.teamusa.com/profiles/christine-magnuson,Tinley Park,"Palos Heights, Ill.",40,"University of Tennessee, Knoxville"
Jason LEZAK,jason-lezak,https://www.teamusa.com/profiles/jason-lezak,Irvine,6’4”,50,UC-Santa Barbara
Dara TORRES,dara-torres,https://www.teamusa.com/profiles/dara-torres,Unknown,Unknown,Unknown,Unknown
Larsen JENSEN,larsen-jensen,https://www.teamusa.com/profiles/larsen-jensen,Bakersfield,"6'0 (182.9 cm)""",40,Mission Viejo HS '03 USC '08
Shawn JOHNSON,shawn-johnson,https://www.teamusa.com/profiles/shawn-johnson,West Des Moines,4’9”,34,Vanderbilt University
Anastasia LIUKIN,anastasia-liukin,https://www.teamusa.com/profiles/anastasia-liukin,Unknown,Unknown,Unknown,Unknown
Jonathan HORTON,jonathan-horton,https://www.teamusa.com/profiles/jonathan-horton,Unknown,Unknown,Unknown,Unknown
Toby DAWSON,toby-dawson,https://www.teamusa.com/profiles/toby-dawson,Unknown,Unknown,Unknown,Unknown
Joey CHEEK,joey-cheek,https://www.teamusa.com/profiles/joey-cheek,Unknown,Unknown,Unknown,Unknown
Sasha COHEN,sasha-cohen,https://www.teamusa.com/profiles/sasha-cohen,Newport Beach,"5'2""",41,Columbia University-Barnard College
Tanith BELBIN,tanith-belbin,https://www.teamusa.com/profiles/tanith-belbin,Kirkland,"5'6""",41,Unknown
Benjamin AGOSTO,benjamin-agosto,https://www.teamusa.com/profiles/benjamin-agosto,Unknown,Unknown,Unknown,Unknown
Shauna ROHBOCK,shauna-rohbock,https://www.teamusa.com/profiles/shauna-rohbock,Orem,HEIGHT,49,Brigham Young University--Provo
Valerie FLEMING,valerie-fleming,https://www.teamusa.com/profiles/valerie-fleming,Park City,165,49,"Fleming graduated from the University of California, Santa Barbara in 1998 with a degree in communications.&nbsp; While at UCSB she was an athlete on the track and field team. She continued her education at St. Mary's College, earning a Master's degree in Health, Physical Education, and Recreation.&nbsp; Fleming currently serves on the U.S. Bobsled &amp; Skeleton Federation Board of Directors as an athlete representative."
Rosey FLETCHER,rosey-fletcher,https://www.teamusa.com/profiles/rosey-fletcher,Unknown,Unknown,Unknown,Unknown
Gretchen BLEILER,gretchen-bleiler,https://www.teamusa.com/profiles/gretchen-bleiler,Aspen,5’5”,45,Unknown
Daniel KASS,daniel-kass,https://www.teamusa.com/profiles/daniel-kass,Unknown,Unknown,Unknown,Unknown
Mebrahtom KEFLEZIGHI,mebrahtom-keflezighi,https://www.teamusa.com/profiles/mebrahtom-keflezighi,Unknown,Unknown,Unknown,Unknown
Terrence TRAMMELL,terrence-trammell,https://www.teamusa.com/profiles/terrence-trammell,Decatur,"6'2""",47,"Southwest DeKalb (Decatur, Ga.) ‘97 South Carolina ‘00"
Adam NELSON,adam-nelson,https://www.teamusa.com/profiles/adam-nelson,Atlanta,"6'0""",50,"Lovett HS (Atlanta, Ga.) ‘93 Dartmouth ‘97"
Otis HARRIS,otis-harris,https://www.teamusa.com/profiles/otis-harris,Unknown,Unknown,Unknown,Unknown
Derrick BREW,derrick-brew,https://www.teamusa.com/profiles/derrick-brew,Springs,"6'1""",48,Barton Community College
Timothy MACK,timothy-mack,https://www.teamusa.com/profiles/timothy-mack,Knoxville,"6'2""",53,University of Tennessee
Toby STEVENSON,toby-stevenson,https://www.teamusa.com/profiles/toby-stevenson,Unknown,"6'1""",49,Stanford University
Deena KASTOR,deena-kastor,https://www.teamusa.com/profiles/deena-kastor,"Mammoth Lakes, CA","5'4""",53,Agoura (Calif.) ‘91 Arkansas ‘96
Matt HEMINGWAY,matt-hemingway,https://www.teamusa.com/profiles/matt-hemingway,Unknown,Unknown,Unknown,Unknown
Dwight PHILLIPS,dwight-phillips,https://www.teamusa.com/profiles/dwight-phillips,Sneville,"5'11""",48,Tucker (Ga.) '96 Kentucky '98; Arizona State '00
John MOFFITT,john-moffitt,https://www.teamusa.com/profiles/john-moffitt,Baton Rouge,"6'1""",45,Winnsboro (La.) HS 00 LSU 04
Maurice GREENE,maurice-greene,https://www.teamusa.com/profiles/maurice-greene,Kansas City,Unknown,51,Unknown
Joanna HAYES,joanna-hayes,https://www.teamusa.com/profiles/joanna-hayes,Riverside,"5'6""",49,"John W. North (Riverside, Calif.) '95 UCLA '99"
Melissa MORRISON,melissa-morrison,https://www.teamusa.com/profiles/melissa-morrison,Unknown,Unknown,Unknown,Unknown
Bernard WILLIAMS,bernard-williams,https://www.teamusa.com/profiles/bernard-williams,Gainesville,Unknown,48,Unknown
Bobby JULICH,bobby-julich,https://www.teamusa.com/profiles/bobby-julich,Glenwood Springs,"5'11""",54,Unknown
Deirdre DEMET-BARRY,deirdre-demet-barry,https://www.teamusa.com/profiles/deirdre-demet-barry,Unknown,Unknown,Unknown,Unknown
Kimberly SEVERSON,kimberly-severson,https://www.teamusa.com/profiles/kimberly-severson,Unknown,Unknown,Unknown,Unknown
Patricia MIRANDA,patricia-miranda,https://www.teamusa.com/profiles/patricia-miranda,New Haven,"5'0""",46,Stanford University
Cael SANDERSON,cael-sanderson,https://www.teamusa.com/profiles/cael-sanderson,Unknown,Unknown,Unknown,Unknown
Sara MCMANN,sara-mcmann,https://www.teamusa.com/profiles/sara-mcmann,Unknown,Unknown,Unknown,Unknown
Stephen ABAS,stephen-abas,https://www.teamusa.com/profiles/stephen-abas,Unknown,Unknown,Unknown,Unknown
Rulon GARDNER,rulon-gardner,https://www.teamusa.com/profiles/rulon-gardner,Unknown,Unknown,Unknown,Unknown
Jamill KELLY,jamill-kelly,https://www.teamusa.com/profiles/jamill-kelly,Unknown,Unknown,Unknown,Unknown
Nia ABDALLAH,nia-abdallah,https://www.teamusa.com/profiles/nia-abdallah,Unknown,Unknown,Unknown,Unknown
Ian CROCKER,ian-crocker,https://www.teamusa.com/profiles/ian-crocker,Austin,"6'5 (195.6 cm)""",43,Cheverus HS ‘00 Texas '05
"Gary Hall, Jr.",gary-hall,https://www.teamusa.com/profiles/gary-hall,Paradise Valley,Unknown,74,"Indiana University, Bloomington"
Diana MUNZ,diana-munz,https://www.teamusa.com/profiles/diana-munz,Unknown,Unknown,Unknown,Unknown
Erik VENDT,erik-vendt,https://www.teamusa.com/profiles/erik-vendt,North Easton,"5'11 (180.3 cm)""",45,Boston College HS ‘99 Southern Cal ‘05
Klete KELLER,klete-keller,https://www.teamusa.com/profiles/klete-keller,Phoenix,"6'6 (198.1 cm)""",44,Arcadia HS '00 Southern Cal / Eastern Michigan
Amanda BEARD,amanda-beard,https://www.teamusa.com/profiles/amanda-beard,Irvine,"5'8""",44,University of Arizona
Kaitlin SANDENO,kaitlin-sandeno,https://www.teamusa.com/profiles/kaitlin-sandeno,"Lake Forest, CA","5'6""",43,University of Southern California
Mardy FISH,mardy-fish,https://www.teamusa.com/profiles/mardy-fish,Tampa,Unknown,44,Unknown
Michael ANTI,michael-anti,https://www.teamusa.com/profiles/michael-anti,Unknown,Unknown,Unknown,Unknown
Chris KAPPLER,chris-kappler,https://www.teamusa.com/profiles/chris-kappler,Unknown,Unknown,Unknown,Unknown
Annia HATCH,annia-hatch,https://www.teamusa.com/profiles/annia-hatch,Unknown,Unknown,Unknown,Unknown
Paul HAMM,paul-hamm,https://www.teamusa.com/profiles/paul-hamm,Waukesha,"5'5""",43,"University of Wisconsin, Milwaukee"
Carly PATTERSON,carly-patterson,https://www.teamusa.com/profiles/carly-patterson,Unknown,Unknown,Unknown,Unknown
Terin HUMPHREY,terin-humphrey,https://www.teamusa.com/profiles/terin-humphrey,Unknown,Unknown,Unknown,Unknown
Courtney KUPETS,courtney-kupets,https://www.teamusa.com/profiles/courtney-kupets,Unknown,Unknown,Unknown,Unknown
Rebecca GIDDENS,rebecca-giddens,https://www.teamusa.com/profiles/rebecca-giddens,Green Bay,Unknown,48,Unknown
Andre DIRRELL,andre-dirrell,https://www.teamusa.com/profiles/andre-dirrell,Unknown,Unknown,Unknown,Unknown
Andre WARD,andre-ward,https://www.teamusa.com/profiles/andre-ward,Unknown,Unknown,Unknown,Unknown
Holly MCPEAK,holly-mcpeak,https://www.teamusa.com/profiles/holly-mcpeak,"Manhattan Beach, CA","5'7""",56,"UCLA, English literature"
Elaine YOUNGS,elaine-youngs,https://www.teamusa.com/profiles/elaine-youngs,"El Toro, CA","6'0""",56,"El Toro High School '88 UCLA, '93 history"
Johnny LOVELL,johnny-lovell,https://www.teamusa.com/profiles/johnny-lovell,Unknown,Unknown,Unknown,Unknown
Charlie OGLETREE,charlie-ogletree,https://www.teamusa.com/profiles/charlie-ogletree,"Kemah, TX",Unknown,58,Tabor Academy Old Dominion University (Graduated 1989)
Paul FOERSTER,paul-foerster,https://www.teamusa.com/profiles/paul-foerster,Unknown,Unknown,Unknown,Unknown
Kevin BURNHAM,kevin-burnham,https://www.teamusa.com/profiles/kevin-burnham,Unknown,Unknown,Unknown,Unknown
James PEDRO,james-pedro,https://www.teamusa.com/profiles/james-pedro,Unknown,Unknown,Unknown,Unknown
Susan WILLIAMS,susan-williams,https://www.teamusa.com/profiles/susan-williams,Unknown,Unknown,Unknown,Unknown
Alison BARTOSIK,alison-bartosik,https://www.teamusa.com/profiles/alison-bartosik,Unknown,Unknown,Unknown,Unknown
Anna KOZLOVA,anna-kozlova,https://www.teamusa.com/profiles/anna-kozlova,Unknown,Unknown,Unknown,Unknown
Travis MAYER,travis-mayer,https://www.teamusa.com/profiles/travis-mayer,Unknown,Unknown,Unknown,Unknown
Joe PACK,joe-pack,https://www.teamusa.com/profiles/joe-pack,Unknown,Unknown,Unknown,Unknown
Brian MARTIN,brian-martin,https://www.teamusa.com/profiles/brian-martin,Palo Alto,"5'8""",52,University of Denver
Mark GRIMMETTE,mark-grimmette,https://www.teamusa.com/profiles/mark-grimmette,Muskegon,"6'0""",55,DeVry University
Chris THORPE,chris-thorpe,https://www.teamusa.com/profiles/chris-thorpe,Unknown,Unknown,Unknown,Unknown
Clay IVES,clay-ives,https://www.teamusa.com/profiles/clay-ives,Unknown,Unknown,Unknown,Unknown
Timothy GOEBEL,timothy-goebel,https://www.teamusa.com/profiles/timothy-goebel,Unknown,Unknown,Unknown,Unknown
Sarah HUGHES,sarah-hughes,https://www.teamusa.com/profiles/sarah-hughes,Unknown,Unknown,Unknown,Unknown
Michelle KWAN,michelle-kwan,https://www.teamusa.com/profiles/michelle-kwan,Unknown,"5'2""",45,University of Denver
Tristan GALE,tristan-gale,https://www.teamusa.com/profiles/tristan-gale,Unknown,Unknown,Unknown,Unknown
Lea Ann PARSLEY,lea-parsley,https://www.teamusa.com/profiles/lea-parsley,Unknown,Unknown,Unknown,Unknown
"Jim Shea, Jr.",jim-shea,https://www.teamusa.com/profiles/jim-shea,Unknown,Unknown,Unknown,Unknown
Ross POWERS,ross-powers,https://www.teamusa.com/profiles/ross-powers,Okemo Mountain,"5'9""",47,Unknown
Jarret THOMAS,jarret-thomas,https://www.teamusa.com/profiles/jarret-thomas,Unknown,Unknown,Unknown,Unknown
Chris KLUG,chris-klug,https://www.teamusa.com/profiles/chris-klug,Aspen,"6'3""",53,Colorado Mountain College
Jill BAKKEN,jill-bakken,https://www.teamusa.com/profiles/jill-bakken,Unknown,Unknown,Unknown,Unknown
Vonetta FLOWERS,vonetta-flowers,https://www.teamusa.com/profiles/vonetta-flowers,"Birmingham, AL","5'7""",52,P.D. Jackson Olin University of Alabama at Birmingham
Rusty SMITH,rusty-smith,https://www.teamusa.com/profiles/rusty-smith,Unknown,Unknown,Unknown,Unknown
Derek PARRA,derek-parra,https://www.teamusa.com/profiles/derek-parra,Unknown,Unknown,Unknown,Unknown
Jennifer RODRIGUEZ,jennifer-rodriguez,https://www.teamusa.com/profiles/jennifer-rodriguez,Unknown,Unknown,Unknown,Unknown
Casey FITZRANDOLPH,casey-fitzrandolph,https://www.teamusa.com/profiles/casey-fitzrandolph,Unknown,Unknown,Unknown,Unknown
Kip CARPENTER,kip-carpenter,https://www.teamusa.com/profiles/kip-carpenter,Unknown,Unknown,Unknown,Unknown
Christine WITTY,christine-witty,https://www.teamusa.com/profiles/christine-witty,Unknown,Unknown,Unknown,Unknown
Martin NOTHSTEIN,martin-nothstein,https://www.teamusa.com/profiles/martin-nothstein,Unknown,Unknown,Unknown,Unknown
Brandon SLAY,brandon-slay,https://www.teamusa.com/profiles/brandon-slay,Unknown,Unknown,Unknown,Unknown
Samuel HENSON,samuel-henson,https://www.teamusa.com/profiles/samuel-henson,Unknown,Unknown,Unknown,Unknown
Lincoln MCILRAVY,lincoln-mcilravy,https://www.teamusa.com/profiles/lincoln-mcilravy,Unknown,Unknown,Unknown,Unknown
Steven LOWNEY,steven-lowney,https://www.teamusa.com/profiles/steven-lowney,Unknown,Unknown,Unknown,Unknown
Matt James LINDLAND,matt-lindland,https://www.teamusa.com/profiles/matt-lindland,Unknown,Unknown,Unknown,Unknown
Terry BRANDS,terry-brands,https://www.teamusa.com/profiles/terry-brands,Unknown,Unknown,Unknown,Unknown
Cheryl HAWORTH,cheryl-haworth,https://www.teamusa.com/profiles/cheryl-haworth,Unknown,Unknown,Unknown,Unknown
Tara NOTT,tara-nott,https://www.teamusa.com/profiles/tara-nott,Unknown,Unknown,Unknown,Unknown
Dain BLANTON,dain-blanton,https://www.teamusa.com/profiles/dain-blanton,"Laguna Beach, CA","6'3""",54,"Laguna Beach High School Pepperdine, public relations"
Eric FONOIMOANA,eric-fonoimoana,https://www.teamusa.com/profiles/eric-fonoimoana,Unknown,Unknown,Unknown,Unknown
Laura WILKINSON,laura-wilkinson,https://www.teamusa.com/profiles/laura-wilkinson,Unknown,Unknown,Unknown,Unknown
Nancy JOHNSON,nancy-johnson,https://www.teamusa.com/profiles/nancy-johnson,Unknown,Unknown,Unknown,Unknown
James GRAVES,james-graves,https://www.teamusa.com/profiles/james-graves,Unknown,Unknown,Unknown,Unknown
Emily DE RIEL,emily-riel,https://www.teamusa.com/profiles/emily-riel,Unknown,Unknown,Unknown,Unknown
David O'CONNOR,david-oconnor,https://www.teamusa.com/profiles/david-oconnor,Unknown,Unknown,Unknown,Unknown
Christine COLLINS,christine-collins,https://www.teamusa.com/profiles/christine-collins,Unknown,Unknown,Unknown,Unknown
Sarah GARNER,sarah-garner,https://www.teamusa.com/profiles/sarah-garner,Unknown,Unknown,Unknown,Unknown
Missy SCHWEN,missy-schwen,https://www.teamusa.com/profiles/missy-schwen,Unknown,Unknown,Unknown,Unknown
Karen KRAFT,karen-kraft,https://www.teamusa.com/profiles/karen-kraft,Unknown,Unknown,Unknown,Unknown
Edward MURPHY,edward-murphy,https://www.teamusa.com/profiles/edward-murphy,Unknown,Unknown,Unknown,Unknown
Sebastian BEA,sebastian-bea,https://www.teamusa.com/profiles/sebastian-bea,Unknown,Unknown,Unknown,Unknown
Victor WUNDERLE,victor-wunderle,https://www.teamusa.com/profiles/victor-wunderle,Unknown,Unknown,Unknown,Unknown
Jennifer ISLER,jennifer-isler,https://www.teamusa.com/profiles/jennifer-isler,Unknown,Unknown,Unknown,Unknown
Sarah GLASER,sarah-glaser,https://www.teamusa.com/profiles/sarah-glaser,Unknown,Unknown,Unknown,Unknown
Jonathan Dunn MCKEE,jonathan-mckee,https://www.teamusa.com/profiles/jonathan-mckee,Unknown,Unknown,Unknown,Unknown
Charles MCKEE,charles-mckee,https://www.teamusa.com/profiles/charles-mckee,Unknown,Unknown,Unknown,Unknown
Robert MERRICK,robert-merrick,https://www.teamusa.com/profiles/robert-merrick,Unknown,Unknown,Unknown,Unknown
Mark Jeffrey REYNOLDS,mark-reynolds,https://www.teamusa.com/profiles/mark-reynolds,Unknown,Unknown,Unknown,Unknown
Magnus LILJEDAHL,magnus-liljedahl,https://www.teamusa.com/profiles/magnus-liljedahl,Unknown,Unknown,Unknown,Unknown
Mari HOLDEN,mari-holden,https://www.teamusa.com/profiles/mari-holden,Unknown,Unknown,Unknown,Unknown
John GODINA,john-godina,https://www.teamusa.com/profiles/john-godina,Cheyenne,Unknown,53,Unknown
Stacy DRAGILA,stacy-dragila,https://www.teamusa.com/profiles/stacy-dragila,Auburn,"5'7""",55,"Placer HS (Auburn, Calif.) '90 Yuba CC '92, Idaho State '95"
Nick HYSONG,nick-hysong,https://www.teamusa.com/profiles/nick-hysong,Winslow,"6'1""",54,Tolleson (AZ) HS '90 Arizona State 94
Lawrence JOHNSON,lawrence-johnson,https://www.teamusa.com/profiles/lawrence-johnson,Knoxville,"6'1""",51,University of Tennessee
Michael JOHNSON,michael-johnson,https://www.teamusa.com/profiles/michael-johnson,Unknown,Unknown,Unknown,Unknown
Alvin HARRISON,alvin-harrison,https://www.teamusa.com/profiles/alvin-harrison,Unknown,Unknown,Unknown,Unknown
Mark CREAR,mark-crear,https://www.teamusa.com/profiles/mark-crear,San Francisco,"6'1""",57,"Rowland HS, Rowland Heights, Calif. '87 Mt San Antonio CC '89, USC '92"
Chris HUFFINS,chris-huffins,https://www.teamusa.com/profiles/chris-huffins,Unknown,Unknown,Unknown,Unknown
Clarence VINSON,clarence-vinson,https://www.teamusa.com/profiles/clarence-vinson,Unknown,Unknown,Unknown,Unknown
Ricardo JUAREZ,ricardo-juarez,https://www.teamusa.com/profiles/ricardo-juarez,Unknown,Unknown,Unknown,Unknown
Jermain TAYLOR,jermain-taylor,https://www.teamusa.com/profiles/jermain-taylor,Unknown,Unknown,Unknown,Unknown
Ricardo WILLIAMS JR,ricardo-williams,https://www.teamusa.com/profiles/ricardo-williams,Unknown,Unknown,Unknown,Unknown
Jenny THOMPSON,jenny-thompson,https://www.teamusa.com/profiles/jenny-thompson,Unknown,Unknown,Unknown,Unknown
Tom DOLAN,tom-dolan,https://www.teamusa.com/profiles/tom-dolan,Unknown,Unknown,Unknown,Unknown
Brooke BENNETT,brooke-bennett,https://www.teamusa.com/profiles/brooke-bennett,Unknown,Unknown,Unknown,Unknown
Misty HYMAN,misty-hyman,https://www.teamusa.com/profiles/misty-hyman,Unknown,Unknown,Unknown,Unknown
Kristy KOWAL,kristy-kowal,https://www.teamusa.com/profiles/kristy-kowal,Unknown,Unknown,Unknown,Unknown
Lenny KRAYZELBURG,lenny-krayzelburg,https://www.teamusa.com/profiles/lenny-krayzelburg,Unknown,Unknown,Unknown,Unknown
Megan QUANN,megan-quann,https://www.teamusa.com/profiles/megan-quann,Unknown,Unknown,Unknown,Unknown
Cristina TEUSCHER,cristina-teuscher,https://www.teamusa.com/profiles/cristina-teuscher,Unknown,Unknown,Unknown,Unknown
Tom MALCHOW,tom-malchow,https://www.teamusa.com/profiles/tom-malchow,Unknown,Unknown,Unknown,Unknown
Ed MOSES,ed-moses,https://www.teamusa.com/profiles/ed-moses,Unknown,Unknown,Unknown,Unknown
Tom WILKENS,tom-wilkens,https://www.teamusa.com/profiles/tom-wilkens,Unknown,Unknown,Unknown,Unknown
Chris THOMPSON,chris-thompson,https://www.teamusa.com/profiles/chris-thompson,Unknown,Unknown,Unknown,Unknown
Monica SELES,monica-seles,https://www.teamusa.com/profiles/monica-seles,Unknown,Unknown,Unknown,Unknown
Gordon SHEER,gordon-sheer,https://www.teamusa.com/profiles/gordon-sheer,Unknown,Unknown,Unknown,Unknown
Tara LIPINSKI,tara-lipinski,https://www.teamusa.com/profiles/tara-lipinski,Unknown,Unknown,Unknown,Unknown
Picabo STREET,picabo-street,https://www.teamusa.com/profiles/picabo-street,Unknown,Unknown,Unknown,Unknown
Eric BERGOUST,eric-bergoust,https://www.teamusa.com/profiles/eric-bergoust,Unknown,Unknown,Unknown,Unknown
Nikki STONE,nikki-stone,https://www.teamusa.com/profiles/nikki-stone,Unknown,Unknown,Unknown,Unknown
Jonny MOSELEY,jonny-moseley,https://www.teamusa.com/profiles/jonny-moseley,Unknown,Unknown,Unknown,Unknown
Shannon DUNN-DOWNING,shannon-dunn-downing,https://www.teamusa.com/profiles/shannon-dunn-downing,Unknown,Unknown,Unknown,Unknown
Kendall Duane CROSS,kendall-cross,https://www.teamusa.com/profiles/kendall-cross,Unknown,Unknown,Unknown,Unknown
Dennis HALL,dennis-hall,https://www.teamusa.com/profiles/dennis-hall,Unknown,Unknown,Unknown,Unknown
Brandon PAULSON,brandon-paulson,https://www.teamusa.com/profiles/brandon-paulson,Unknown,Unknown,Unknown,Unknown
Kurt ANGLE,kurt-angle,https://www.teamusa.com/profiles/kurt-angle,Unknown,Unknown,Unknown,Unknown
Tom BRANDS,tom-brands,https://www.teamusa.com/profiles/tom-brands,Unknown,Unknown,Unknown,Unknown
Siamak GHAFFARI,siamak-ghaffari,https://www.teamusa.com/profiles/siamak-ghaffari,Unknown,Unknown,Unknown,Unknown
Townsend SAUNDERS,townsend-saunders,https://www.teamusa.com/profiles/townsend-saunders,Unknown,Unknown,Unknown,Unknown
Bruce Robert BAUMGARTNER,bruce-baumgartner,https://www.teamusa.com/profiles/bruce-baumgartner,Unknown,Unknown,Unknown,Unknown
Charles Frederick KIRALY,charles-kiraly,https://www.teamusa.com/profiles/charles-kiraly,Unknown,Unknown,Unknown,Unknown
Kent STEFFES,kent-steffes,https://www.teamusa.com/profiles/kent-steffes,Unknown,Unknown,Unknown,Unknown
Mike WHITMARSH,mike-whitmarsh,https://www.teamusa.com/profiles/mike-whitmarsh,Unknown,Unknown,Unknown,Unknown
Michael DODD,michael-dodd,https://www.teamusa.com/profiles/michael-dodd,Unknown,Unknown,Unknown,Unknown
Susan DEMATTEI,susan-demattei,https://www.teamusa.com/profiles/susan-demattei,Unknown,Unknown,Unknown,Unknown
Justin HUISH,justin-huish,https://www.teamusa.com/profiles/justin-huish,Unknown,Unknown,Unknown,Unknown
Dana CHLADEK,dana-chladek,https://www.teamusa.com/profiles/dana-chladek,Unknown,Unknown,62,Dartmouth College
Erin HARTWELL,erin-hartwell,https://www.teamusa.com/profiles/erin-hartwell,Unknown,Unknown,Unknown,Unknown
Teresa Z. BELL,teresa-bell,https://www.teamusa.com/profiles/teresa-bell,Unknown,Unknown,Unknown,Unknown
Lindsay BURNS,lindsay-burns,https://www.teamusa.com/profiles/lindsay-burns,Unknown,Unknown,Unknown,Unknown
Courtenay BECKER-DEY,courtenay-becker-dey,https://www.teamusa.com/profiles/courtenay-becker-dey,Unknown,Unknown,Unknown,Unknown
Amy CHOW,amy-chow,https://www.teamusa.com/profiles/amy-chow,Unknown,Unknown,Unknown,Unknown
Jair LYNCH,jair-lynch,https://www.teamusa.com/profiles/jair-lynch,Unknown,Unknown,Unknown,Unknown
Dominique DAWES,dominique-dawes,https://www.teamusa.com/profiles/dominique-dawes,Unknown,Unknown,Unknown,Unknown
Shannon MILLER,shannon-miller,https://www.teamusa.com/profiles/shannon-miller,Unknown,Unknown,Unknown,Unknown
Dan O'BRIEN,dan-obrien,https://www.teamusa.com/profiles/dan-obrien,Unknown,Unknown,Unknown,Unknown
Allen JOHNSON,allen-johnson,https://www.teamusa.com/profiles/allen-johnson,Irmo,"5'10""",55,"Lake Braddock HS, Burke, Va. 89 North Carolina Chapel Hill 93"
Derrick ADKINS,derrick-adkins,https://www.teamusa.com/profiles/derrick-adkins,Unknown,Unknown,Unknown,Unknown
Calvin DAVIS,calvin-davis,https://www.teamusa.com/profiles/calvin-davis,Unknown,Unknown,Unknown,Unknown
Kim BATTEN,kim-batten,https://www.teamusa.com/profiles/kim-batten,Unknown,Unknown,Unknown,Unknown
Tonja BUFORD-BAILEY,tonja-buford-bailey,https://www.teamusa.com/profiles/tonja-buford-bailey,Unknown,Unknown,Unknown,Unknown
Yolanda Gail DEVERS-ROBERTS,yolanda-devers-roberts,https://www.teamusa.com/profiles/yolanda-devers-roberts,Unknown,Unknown,Unknown,Unknown
Gwen TORRENCE,gwen-torrence,https://www.teamusa.com/profiles/gwen-torrence,Unknown,Unknown,Unknown,Unknown
Charles AUSTIN,charles-austin,https://www.teamusa.com/profiles/charles-austin,Unknown,"5'11""",58,Unknown
Kenny HARRISON,kenny-harrison,https://www.teamusa.com/profiles/kenny-harrison,Unknown,Unknown,Unknown,Unknown
Jackie JOYNER-KERSEE,jackie-joyner-kersee,https://www.teamusa.com/profiles/jackie-joyner-kersee,Unknown,Unknown,Unknown,Unknown
Eric Randolph BARNES,eric-barnes,https://www.teamusa.com/profiles/eric-barnes,Unknown,Unknown,Unknown,Unknown
Lance Earl DEAL,lance-deal,https://www.teamusa.com/profiles/lance-deal,Unknown,Unknown,Unknown,Unknown
Carl LEWIS,carl-lewis,https://www.teamusa.com/profiles/carl-lewis,Unknown,Unknown,Unknown,Unknown
Joe GREENE,joe-greene,https://www.teamusa.com/profiles/joe-greene,Unknown,Unknown,Unknown,Unknown
Jeff Norman ROUSE,jeff-rouse,https://www.teamusa.com/profiles/jeff-rouse,Unknown,Unknown,Unknown,Unknown
Allison WAGNER,allison-wagner,https://www.teamusa.com/profiles/allison-wagner,Unknown,Unknown,Unknown,Unknown
Brad BRIDGEWATER,brad-bridgewater,https://www.teamusa.com/profiles/brad-bridgewater,Unknown,Unknown,Unknown,Unknown
Tripp SCHWENK,tripp-schwenk,https://www.teamusa.com/profiles/tripp-schwenk,Unknown,Unknown,Unknown,Unknown
Eric NAMESNIK,eric-namesnik,https://www.teamusa.com/profiles/eric-namesnik,Unknown,Unknown,Unknown,Unknown
Amy VAN DYKEN,amy-dyken,https://www.teamusa.com/profiles/amy-dyken,Unknown,Unknown,Unknown,Unknown
Angel MARTINO,angel-martino,https://www.teamusa.com/profiles/angel-martino,Unknown,Unknown,Unknown,Unknown
Whitney L. HEDGEPETH,whitney-hedgepeth,https://www.teamusa.com/profiles/whitney-hedgepeth,Unknown,Unknown,Unknown,Unknown
Jeremy LINN,jeremy-linn,https://www.teamusa.com/profiles/jeremy-linn,Unknown,Unknown,Unknown,Unknown
Beth BOTSFORD,beth-botsford,https://www.teamusa.com/profiles/beth-botsford,Unknown,Unknown,Unknown,Unknown
Josh LAKATOS,josh-lakatos,https://www.teamusa.com/profiles/josh-lakatos,Unknown,Unknown,Unknown,Unknown
Lance BADE,lance-bade,https://www.teamusa.com/profiles/lance-bade,Vancouver,"5'6""",55,Unknown
Gigi FERNANDEZ,gigi-fernandez,https://www.teamusa.com/profiles/gigi-fernandez,Unknown,Unknown,Unknown,Unknown
Mary Joe FERNANDEZ,mary-fernandez,https://www.teamusa.com/profiles/mary-fernandez,Unknown,Unknown,Unknown,Unknown
Lindsay DAVENPORT,lindsay-davenport,https://www.teamusa.com/profiles/lindsay-davenport,Unknown,Unknown,Unknown,Unknown
Andre AGASSI,andre-agassi,https://www.teamusa.com/profiles/andre-agassi,Unknown,Unknown,Unknown,Unknown
Terrance CAUTHEN,terrance-cauthen,https://www.teamusa.com/profiles/terrance-cauthen,Unknown,Unknown,Unknown,Unknown
Nate JONES,nate-jones,https://www.teamusa.com/profiles/nate-jones,Unknown,Unknown,Unknown,Unknown
David REID,david-reid,https://www.teamusa.com/profiles/david-reid,Unknown,Unknown,Unknown,Unknown
Antonio TARVER,antonio-tarver,https://www.teamusa.com/profiles/antonio-tarver,Unknown,Unknown,Unknown,Unknown
Floyd MAYWEATHER,floyd-mayweather,https://www.teamusa.com/profiles/floyd-mayweather,Unknown,Unknown,Unknown,Unknown
Rhoshii WELLS,rhoshii-wells,https://www.teamusa.com/profiles/rhoshii-wells,Unknown,Unknown,Unknown,Unknown
Kerry MILLIKIN,kerry-millikin,https://www.teamusa.com/profiles/kerry-millikin,Unknown,Unknown,Unknown,Unknown
Mary Ellen CLARK,mary-clark,https://www.teamusa.com/profiles/mary-clark,Unknown,Unknown,Unknown,Unknown
Mark Edward LENZI,mark-lenzi,https://www.teamusa.com/profiles/mark-lenzi,Unknown,Unknown,Unknown,Unknown
Elizabeth MCINTYRE,elizabeth-mcintyre,https://www.teamusa.com/profiles/elizabeth-mcintyre,Unknown,Unknown,Unknown,Unknown
Daniel JANSEN,daniel-jansen,https://www.teamusa.com/profiles/daniel-jansen,Unknown,Unknown,Unknown,Unknown
Bonnie BLAIR,bonnie-blair,https://www.teamusa.com/profiles/bonnie-blair,Unknown,Unknown,Unknown,Unknown
Cathy TURNER,cathy-turner,https://www.teamusa.com/profiles/cathy-turner,Unknown,Unknown,Unknown,Unknown
Amy PETERSON,amy-peterson,https://www.teamusa.com/profiles/amy-peterson,Unknown,Unknown,Unknown,Unknown
Nancy KERRIGAN,nancy-kerrigan,https://www.teamusa.com/profiles/nancy-kerrigan,Unknown,Unknown,Unknown,Unknown
Diann ROFFE,diann-roffe,https://www.teamusa.com/profiles/diann-roffe,Unknown,Unknown,Unknown,Unknown
Tommy Moe,tommy-moe,https://www.teamusa.com/profiles/tommy-moe,Unknown,Unknown,Unknown,Unknown
Kenneth MONDAY,kenneth-monday,https://www.teamusa.com/profiles/kenneth-monday,Unknown,Unknown,Unknown,Unknown
John SMITH,john-smith,https://www.teamusa.com/profiles/john-smith,Unknown,Unknown,Unknown,Unknown
Larry Lee JONES,larry-jones,https://www.teamusa.com/profiles/larry-jones,Unknown,Unknown,Unknown,Unknown
Chris Campbell,chris-campbell,https://www.teamusa.com/profiles/chris-campbell,Unknown,Unknown,Unknown,Unknown
Kevin JACKSON,kevin-jackson,https://www.teamusa.com/profiles/kevin-jackson,Unknown,Unknown,Unknown,Unknown
Dennis Koslowski,dennis-koslowski,https://www.teamusa.com/profiles/dennis-koslowski,Unknown,Unknown,Unknown,Unknown
Rodney SMITH,rodney-smith,https://www.teamusa.com/profiles/rodney-smith,Unknown,Unknown,Unknown,Unknown
Scott STRAUSBAUGH,scott-strausbaugh,https://www.teamusa.com/profiles/scott-strausbaugh,Unknown,Unknown,62,Unknown
Joseph JACOBI,joseph-jacobi,https://www.teamusa.com/profiles/joseph-jacobi,Unknown,Unknown,Unknown,Unknown
Gregory Mark BARTON,gregory-barton,https://www.teamusa.com/profiles/gregory-barton,Unknown,Unknown,Unknown,Unknown
Michael Anthony POWELL,michael-powell,https://www.teamusa.com/profiles/michael-powell,Unknown,Unknown,Unknown,Unknown
Tony DEES,tony-dees,https://www.teamusa.com/profiles/tony-dees,Unknown,Unknown,Unknown,Unknown
Jack PIERCE,jack-pierce,https://www.teamusa.com/profiles/jack-pierce,Unknown,Unknown,Unknown,Unknown
Mike CONLEY,mike-conley,https://www.teamusa.com/profiles/mike-conley,Unknown,Unknown,Unknown,Unknown
Charles SIMPKINS,charles-simpkins,https://www.teamusa.com/profiles/charles-simpkins,Unknown,Unknown,Unknown,Unknown
Michael D. STULCE,michael-stulce,https://www.teamusa.com/profiles/michael-stulce,Unknown,Unknown,Unknown,Unknown
James DOEHRING,james-doehring,https://www.teamusa.com/profiles/james-doehring,Unknown,Unknown,Unknown,Unknown
Hollis CONWAY,hollis-conway,https://www.teamusa.com/profiles/hollis-conway,Unknown,Unknown,Unknown,Unknown
Quincy WATTS,quincy-watts,https://www.teamusa.com/profiles/quincy-watts,Unknown,Unknown,Unknown,Unknown
Steve LEWIS,steve-lewis,https://www.teamusa.com/profiles/steve-lewis,Unknown,Unknown,Unknown,Unknown
Michael MARSH,michael-marsh,https://www.teamusa.com/profiles/michael-marsh,Unknown,Unknown,Unknown,Unknown
Michael D. BATES,michael-bates,https://www.teamusa.com/profiles/michael-bates,Unknown,Unknown,Unknown,Unknown
Dennis MITCHELL,dennis-mitchell,https://www.teamusa.com/profiles/dennis-mitchell,Unknown,Unknown,Unknown,Unknown
Lynn A. JENNINGS,lynn-jennings,https://www.teamusa.com/profiles/lynn-jennings,Unknown,Unknown,Unknown,Unknown
Sandra FARMER-PATRICK,sandra-farmer-patrick,https://www.teamusa.com/profiles/sandra-farmer-patrick,Unknown,Unknown,Unknown,Unknown
Janeene VICKERS,janeene-vickers,https://www.teamusa.com/profiles/janeene-vickers,Unknown,Unknown,Unknown,Unknown
Johnny Lee Jr GRAY,johnny-gray,https://www.teamusa.com/profiles/johnny-gray,Unknown,Unknown,Unknown,Unknown
Dave JOHNSON,dave-johnson,https://www.teamusa.com/profiles/dave-johnson,Unknown,Unknown,Unknown,Unknown
La Vona Ann MARTIN,la-martin,https://www.teamusa.com/profiles/la-martin,Unknown,Unknown,Unknown,Unknown
Kevin Curtis YOUNG,kevin-young,https://www.teamusa.com/profiles/kevin-young,Unknown,Unknown,Unknown,Unknown
Anna B. SEATON,anna-seaton,https://www.teamusa.com/profiles/anna-seaton,Unknown,Unknown,Unknown,Unknown
Stephanie MAXWELL PIERSON,stephanie-pierson,https://www.teamusa.com/profiles/stephanie-pierson,Unknown,Unknown,Unknown,Unknown
Scott R. DONIE,scott-donie,https://www.teamusa.com/profiles/scott-donie,Unknown,Unknown,Unknown,Unknown
Trent DIMAS,trent-dimas,https://www.teamusa.com/profiles/trent-dimas,Unknown,Unknown,Unknown,Unknown
Jason Newth MORRIS,jason-morris,https://www.teamusa.com/profiles/jason-morris,Unknown,Unknown,Unknown,Unknown
Stephen BOURDOW,stephen-bourdow,https://www.teamusa.com/profiles/stephen-bourdow,Unknown,Unknown,Unknown,Unknown
Julia TROTMAN,julia-trotman,https://www.teamusa.com/profiles/julia-trotman,Unknown,Unknown,Unknown,Unknown
Brian Richard LEDBETTER,brian-ledbetter,https://www.teamusa.com/profiles/brian-ledbetter,Unknown,Unknown,Unknown,Unknown
Keith NOTARY,keith-notary,https://www.teamusa.com/profiles/keith-notary,Unknown,Unknown,Unknown,Unknown
Randy SMYTH,randy-smyth,https://www.teamusa.com/profiles/randy-smyth,Unknown,Unknown,Unknown,Unknown
Morgan REESER,morgan-reeser,https://www.teamusa.com/profiles/morgan-reeser,Unknown,Unknown,Unknown,Unknown
Harold HAENEL,harold-haenel,https://www.teamusa.com/profiles/harold-haenel,Unknown,Unknown,Unknown,Unknown
Michael William GEBHARDT,michael-gebhardt,https://www.teamusa.com/profiles/michael-gebhardt,Unknown,Unknown,Unknown,Unknown
Pamela HEALY,pamela-healy,https://www.teamusa.com/profiles/pamela-healy,Unknown,Unknown,Unknown,Unknown
Norman DELLO JOIO,norman-joio,https://www.teamusa.com/profiles/norman-joio,Unknown,Unknown,Unknown,Unknown
Karen JOSEPHSON,karen-josephson,https://www.teamusa.com/profiles/karen-josephson,Unknown,Unknown,Unknown,Unknown
Sarah JOSEPHSON,sarah-josephson,https://www.teamusa.com/profiles/sarah-josephson,Unknown,Unknown,Unknown,Unknown
Kristen BABB-SPRAGUE,kristen-babb-sprague,https://www.teamusa.com/profiles/kristen-babb-sprague,Unknown,Unknown,Unknown,Unknown
Robert James FOTH,robert-foth,https://www.teamusa.com/profiles/robert-foth,Unknown,Unknown,Unknown,Unknown
Launi Kay MEILI,launi-meili,https://www.teamusa.com/profiles/launi-meili,Unknown,Unknown,Unknown,Unknown
Christopher BYRD,christopher-byrd,https://www.teamusa.com/profiles/christopher-byrd,Unknown,Unknown,Unknown,Unknown
Timothy AUSTIN,timothy-austin,https://www.teamusa.com/profiles/timothy-austin,Unknown,Unknown,Unknown,Unknown
Oscar DE LA HOYA,oscar-hoya,https://www.teamusa.com/profiles/oscar-hoya,Unknown,Unknown,Unknown,Unknown
Rebecca Lynne TWIGG,rebecca-twigg,https://www.teamusa.com/profiles/rebecca-twigg,Unknown,Unknown,Unknown,Unknown
David Charles BERKOFF,david-berkoff,https://www.teamusa.com/profiles/david-berkoff,Unknown,Unknown,Unknown,Unknown
Summer SANDERS,summer-sanders,https://www.teamusa.com/profiles/summer-sanders,Unknown,Unknown,Unknown,Unknown
Janet EVANS,janet-evans,https://www.teamusa.com/profiles/janet-evans,Unknown,Unknown,Unknown,Unknown
Pablo MORALES,pablo-morales,https://www.teamusa.com/profiles/pablo-morales,Unknown,Unknown,Unknown,Unknown
Anita NALL,anita-nall,https://www.teamusa.com/profiles/anita-nall,Unknown,Unknown,Unknown,Unknown
Christine AHMANN-LEIGHTON,christine-ahmann-leighton,https://www.teamusa.com/profiles/christine-ahmann-leighton,Unknown,Unknown,Unknown,Unknown
Melvin STEWART,melvin-stewart,https://www.teamusa.com/profiles/melvin-stewart,Unknown,Unknown,Unknown,Unknown
Nicole Lee HAISLETT,nicole-haislett,https://www.teamusa.com/profiles/nicole-haislett,Unknown,Unknown,Unknown,Unknown
Gregory BURGESS,gregory-burgess,https://www.teamusa.com/profiles/gregory-burgess,Unknown,Unknown,Unknown,Unknown
Matthew BIONDI,matthew-biondi,https://www.teamusa.com/profiles/matthew-biondi,Unknown,Unknown,Unknown,Unknown
Thomas Michael JAGER,thomas-jager,https://www.teamusa.com/profiles/thomas-jager,Unknown,Unknown,Unknown,Unknown
Mike BARROWMAN,mike-barrowman,https://www.teamusa.com/profiles/mike-barrowman,Unknown,Unknown,Unknown,Unknown
Lea LOVELESS,lea-loveless,https://www.teamusa.com/profiles/lea-loveless,Unknown,Unknown,Unknown,Unknown
Nelson DIEBEL,nelson-diebel,https://www.teamusa.com/profiles/nelson-diebel,Unknown,Unknown,Unknown,Unknown
Jennifer CAPRIATI,jennifer-capriati,https://www.teamusa.com/profiles/jennifer-capriati,Wesley Chapel,Unknown,50,Unknown
Donna WEINBRECHT,donna-weinbrecht,https://www.teamusa.com/profiles/donna-weinbrecht,Unknown,Unknown,Unknown,Unknown
Nelson CARMICHAEL,nelson-carmichael,https://www.teamusa.com/profiles/nelson-carmichael,Unknown,Unknown,Unknown,Unknown
Hilary LINDH,hilary-lindh,https://www.teamusa.com/profiles/hilary-lindh,Unknown,Unknown,Unknown,Unknown
Kristi YAMAGUCHI,kristi-yamaguchi,https://www.teamusa.com/profiles/kristi-yamaguchi,Unknown,Unknown,Unknown,Unknown
Paul WYLIE,paul-wylie,https://www.teamusa.com/profiles/paul-wylie,Unknown,Unknown,Unknown,Unknown
Tracie Lehuanani RUIZ-CONFORTO,tracie-ruiz-conforto,https://www.teamusa.com/profiles/tracie-ruiz-conforto,Unknown,Unknown,Unknown,Unknown
Dorothy Louise RITTER,dorothy-ritter,https://www.teamusa.com/profiles/dorothy-ritter,Unknown,Unknown,Unknown,Unknown
Kimberley Ann GALLAGHER,kimberley-gallagher,https://www.teamusa.com/profiles/kimberley-gallagher,Unknown,Unknown,Unknown,Unknown
Harry Butch . REYNOLDS,harry-reynolds,https://www.teamusa.com/profiles/harry-reynolds,Unknown,Unknown,Unknown,Unknown
Daniel EVERETT,daniel-everett,https://www.teamusa.com/profiles/daniel-everett,Unknown,Unknown,Unknown,Unknown
Lawrence Ellwyne MYRICKS,lawrence-myricks,https://www.teamusa.com/profiles/lawrence-myricks,Unknown,Unknown,Unknown,Unknown
Andre Lamar PHILLIPS,andre-phillips,https://www.teamusa.com/profiles/andre-phillips,Unknown,Unknown,Unknown,Unknown
Edwin MOSES,edwin-moses,https://www.teamusa.com/profiles/edwin-moses,Unknown,Unknown,Unknown,Unknown
Florence GRIFFITH-JOYNER,florence-griffith-joyner,https://www.teamusa.com/profiles/florence-griffith-joyner,Unknown,Unknown,Unknown,Unknown
Calvin SMITH,calvin-smith,https://www.teamusa.com/profiles/calvin-smith,Gainesville,"5'11""",Unknown,"Cardinal Gibbons (Raleigh, N.C.) HS ‘00 Florida ‘10"
Evelyn ASHFORD,evelyn-ashford,https://www.teamusa.com/profiles/evelyn-ashford,Unknown,Unknown,Unknown,Unknown
Joseph Nathaniel Jr. DELOACH,joseph-deloach,https://www.teamusa.com/profiles/joseph-deloach,Unknown,Unknown,Unknown,Unknown
Roger KINGDOM,roger-kingdom,https://www.teamusa.com/profiles/roger-kingdom,Unknown,Unknown,63,Unknown
Anthony Eugene CAMPBELL,anthony-campbell,https://www.teamusa.com/profiles/anthony-campbell,Unknown,Unknown,Unknown,Unknown
Phoebe Lan MILLS,phoebe-mills,https://www.teamusa.com/profiles/phoebe-mills,Unknown,Unknown,Unknown,Unknown
Norman Dean BELLINGHAM,norman-bellingham,https://www.teamusa.com/profiles/norman-bellingham,"Rockville, MD",Unknown,61,Harvard University
Anne R. MARDEN,anne-marden,https://www.teamusa.com/profiles/anne-marden,Unknown,Unknown,Unknown,Unknown
Connie PARASKEVIN-YOUNG,connie-paraskevin-young,https://www.teamusa.com/profiles/connie-paraskevin-young,Unknown,Unknown,Unknown,Unknown
Pamela Howard SHRIVER,pamela-shriver,https://www.teamusa.com/profiles/pamela-shriver,Unknown,Unknown,Unknown,Unknown
Zina GARRISON,zina-garrison,https://www.teamusa.com/profiles/zina-garrison,Unknown,Unknown,Unknown,Unknown
Kenneth FLACH,kenneth-flach,https://www.teamusa.com/profiles/kenneth-flach,Unknown,Unknown,Unknown,Unknown
Robert A. SEGUSO,robert-seguso,https://www.teamusa.com/profiles/robert-seguso,Unknown,Unknown,Unknown,Unknown
Timothy C. MAYOTTE,timothy-mayotte,https://www.teamusa.com/profiles/timothy-mayotte,Unknown,Unknown,Unknown,Unknown
Bradley N. GILBERT,bradley-gilbert,https://www.teamusa.com/profiles/bradley-gilbert,Unknown,Unknown,Unknown,Unknown
Jay BARRS,jay-barrs,https://www.teamusa.com/profiles/jay-barrs,Unknown,Unknown,Unknown,Unknown
Kevin Yoshimi ASANO,kevin-asano,https://www.teamusa.com/profiles/kevin-asano,Unknown,Unknown,Unknown,Unknown
Michael Lee SWAIN,michael-swain,https://www.teamusa.com/profiles/michael-swain,Unknown,Unknown,Unknown,Unknown
Romallis ELLIS,romallis-ellis,https://www.teamusa.com/profiles/romallis-ellis,Unknown,Unknown,Unknown,Unknown
Andrew Lester MAYNARD,andrew-maynard,https://www.teamusa.com/profiles/andrew-maynard,Unknown,Unknown,Unknown,Unknown
Michael CARBAJAL,michael-carbajal,https://www.teamusa.com/profiles/michael-carbajal,Unknown,Unknown,Unknown,Unknown
Roy L. Ilnd JONES,roy-jones,https://www.teamusa.com/profiles/roy-jones,Unknown,Unknown,Unknown,Unknown
Kenneth GOULD,kenneth-gould,https://www.teamusa.com/profiles/kenneth-gould,Unknown,Unknown,Unknown,Unknown
Kennedy MCKINNEY,kennedy-mckinney,https://www.teamusa.com/profiles/kennedy-mckinney,Unknown,Unknown,Unknown,Unknown
Riddick Lamont BOWE,riddick-bowe,https://www.teamusa.com/profiles/riddick-bowe,Unknown,Unknown,Unknown,Unknown
Raymond A. MERCER,raymond-mercer,https://www.teamusa.com/profiles/raymond-mercer,Unknown,Unknown,Unknown,Unknown
Gregory LOUGANIS,gregory-louganis,https://www.teamusa.com/profiles/gregory-louganis,Unknown,Unknown,Unknown,Unknown
Kelly Anne MCCORMICK,kelly-mccormick,https://www.teamusa.com/profiles/kelly-mccormick,Unknown,Unknown,Unknown,Unknown
Michele MITCHELL,michele-mitchell,https://www.teamusa.com/profiles/michele-mitchell,Unknown,Unknown,Unknown,Unknown
Wendy Lian WILLIAMS,wendy-williams,https://www.teamusa.com/profiles/wendy-williams,Unknown,Unknown,Unknown,Unknown
Jill STERKEL,jill-sterkel,https://www.teamusa.com/profiles/jill-sterkel,Unknown,Unknown,Unknown,Unknown
David Lee WHARTON,david-wharton,https://www.teamusa.com/profiles/david-wharton,Unknown,Unknown,Unknown,Unknown
Mary T. MEAGHER,mary-meagher,https://www.teamusa.com/profiles/mary-meagher,Unknown,Unknown,Unknown,Unknown
Christopher Charles JACOBS,christopher-jacobs,https://www.teamusa.com/profiles/christopher-jacobs,Unknown,Unknown,Unknown,Unknown
John Thomas SHADDEN,john-shadden,https://www.teamusa.com/profiles/john-shadden,Unknown,Unknown,Unknown,Unknown
Allison Blair JOLLY,allison-jolly,https://www.teamusa.com/profiles/allison-jolly,Unknown,Unknown,Unknown,Unknown
Lynne M. JEWELL,lynne-jewell,https://www.teamusa.com/profiles/lynne-jewell,Unknown,Unknown,Unknown,Unknown
Gregory Alan BEST,gregory-best,https://www.teamusa.com/profiles/gregory-best,Unknown,Unknown,Unknown,Unknown
Erich BULJUNG,erich-buljung,https://www.teamusa.com/profiles/erich-buljung,Unknown,Unknown,Unknown,Unknown
Nathaniel CARR,nathaniel-carr,https://www.teamusa.com/profiles/nathaniel-carr,Unknown,Unknown,Unknown,Unknown
Bill Scherr,bill-scherr,https://www.teamusa.com/profiles/bill-scherr,Unknown,Unknown,Unknown,Unknown
Brian BOITANO,brian-boitano,https://www.teamusa.com/profiles/brian-boitano,Unknown,Unknown,Unknown,Unknown
Jill WATSON,jill-watson,https://www.teamusa.com/profiles/jill-watson,Unknown,Unknown,Unknown,Unknown
Peter OPPEGARD,peter-oppegard,https://www.teamusa.com/profiles/peter-oppegard,Unknown,Unknown,Unknown,Unknown
Debra THOMAS,debra-thomas,https://www.teamusa.com/profiles/debra-thomas,Unknown,Unknown,Unknown,Unknown
Eric FLAIM,eric-flaim,https://www.teamusa.com/profiles/eric-flaim,Unknown,Unknown,Unknown,Unknown
Peter Jonathan WESTBROOK,peter-westbrook,https://www.teamusa.com/profiles/peter-westbrook,Unknown,Unknown,Unknown,Unknown
Karen Elizabeth STIVES-LENDE,karen-stives-lende,https://www.teamusa.com/profiles/karen-stives-lende,Unknown,Unknown,Unknown,Unknown
"Joseph Halpin, Iv FARGIS",joseph-fargis,https://www.teamusa.com/profiles/joseph-fargis,Unknown,Unknown,Unknown,Unknown
Conrad E. HOMFELD,conrad-homfeld,https://www.teamusa.com/profiles/conrad-homfeld,Unknown,Unknown,Unknown,Unknown
Tiffany Lisa COHEN,tiffany-cohen,https://www.teamusa.com/profiles/tiffany-cohen,Unknown,Unknown,Unknown,Unknown
Jenna Leigh JOHNSON,jenna-johnson,https://www.teamusa.com/profiles/jenna-johnson,Unknown,Unknown,Unknown,Unknown
Ambrose Iv GAINES,ambrose-gaines,https://www.teamusa.com/profiles/ambrose-gaines,Unknown,Unknown,Unknown,Unknown
Michael Steward HEATH,michael-heath,https://www.teamusa.com/profiles/michael-heath,Unknown,Unknown,Unknown,Unknown
Steven K. LUNDQUIST,steven-lundquist,https://www.teamusa.com/profiles/steven-lundquist,Unknown,Unknown,Unknown,Unknown
Mary Alice WAYTE,mary-wayte,https://www.teamusa.com/profiles/mary-wayte,Unknown,Unknown,Unknown,Unknown
Cynthia Lee WOODHEAD,cynthia-woodhead,https://www.teamusa.com/profiles/cynthia-woodhead,Unknown,Unknown,Unknown,Unknown
Theresa ANDREWS,theresa-andrews,https://www.teamusa.com/profiles/theresa-andrews,Unknown,Unknown,Unknown,Unknown
Elizabeth MITCHELL,elizabeth-mitchell,https://www.teamusa.com/profiles/elizabeth-mitchell,Unknown,Unknown,Unknown,Unknown
Susan Gerard RAPP,susan-rapp,https://www.teamusa.com/profiles/susan-rapp,Unknown,Unknown,Unknown,Unknown
Nancy Lynn HOGSHEAD,nancy-hogshead,https://www.teamusa.com/profiles/nancy-hogshead,Unknown,Unknown,Unknown,Unknown
Carolyn STEINSEIFER,carolyn-steinseifer,https://www.teamusa.com/profiles/carolyn-steinseifer,Unknown,Unknown,Unknown,Unknown
Tracy Anne CAULKINS,tracy-caulkins,https://www.teamusa.com/profiles/tracy-caulkins,Unknown,Unknown,Unknown,Unknown
Michele RICHARDSON,michele-richardson,https://www.teamusa.com/profiles/michele-richardson,Unknown,Unknown,Unknown,Unknown
Amy Lee WHITE,amy-white,https://www.teamusa.com/profiles/amy-white,Unknown,Unknown,Unknown,Unknown
George Thomas DICARLO,george-dicarlo,https://www.teamusa.com/profiles/george-dicarlo,Unknown,Unknown,Unknown,Unknown
John Cary MYKKANEN,john-mykkanen,https://www.teamusa.com/profiles/john-mykkanen,Unknown,Unknown,Unknown,Unknown
Michael Jon O'BRIEN,michael-obrien,https://www.teamusa.com/profiles/michael-obrien,Unknown,Unknown,Unknown,Unknown
Richard John CAREY,richard-carey,https://www.teamusa.com/profiles/richard-carey,Unknown,Unknown,Unknown,Unknown
David Dennis WILSON,david-wilson,https://www.teamusa.com/profiles/david-wilson,Unknown,Unknown,Unknown,Unknown
Jay GLASER,jay-glaser,https://www.teamusa.com/profiles/jay-glaser,Unknown,Unknown,Unknown,Unknown
Randal Scott STEELE,randal-steele,https://www.teamusa.com/profiles/randal-steele,Unknown,Unknown,Unknown,Unknown
William Carl Jr. BUCHAN,william-buchan,https://www.teamusa.com/profiles/william-buchan,Unknown,Unknown,Unknown,Unknown
John Joseph BERTRAND,john-bertrand,https://www.teamusa.com/profiles/john-bertrand,Unknown,Unknown,Unknown,Unknown
Steven Richard ERICKSON,steven-erickson,https://www.teamusa.com/profiles/steven-erickson,Unknown,Unknown,Unknown,Unknown
William E. Sr. BUCHAN,william-buchan,https://www.teamusa.com/profiles/william-buchan,Unknown,Unknown,Unknown,Unknown
Hans Christopher STEINFELD,hans-steinfeld,https://www.teamusa.com/profiles/hans-steinfeld,Unknown,Unknown,Unknown,Unknown
Stephen Delancey BENJAMIN,stephen-benjamin,https://www.teamusa.com/profiles/stephen-benjamin,Unknown,Unknown,Unknown,Unknown
Edward J. LIDDIE,edward-liddie,https://www.teamusa.com/profiles/edward-liddie,Unknown,Unknown,Unknown,Unknown
Robert Lee BERLAND,robert-berland,https://www.teamusa.com/profiles/robert-berland,Unknown,Unknown,Unknown,Unknown
Connie CARPENTER,connie-carpenter,https://www.teamusa.com/profiles/connie-carpenter,Unknown,Unknown,Unknown,Unknown
Alexi S. GREWAL,alexi-grewal,https://www.teamusa.com/profiles/alexi-grewal,Unknown,Unknown,Unknown,Unknown
Guy Albert CARLTON,guy-carlton,https://www.teamusa.com/profiles/guy-carlton,Unknown,Unknown,Unknown,Unknown
Mario MARTINEZ,mario-martinez,https://www.teamusa.com/profiles/mario-martinez,Unknown,Unknown,Unknown,Unknown
Stephen Edward HEGG,stephen-hegg,https://www.teamusa.com/profiles/stephen-hegg,Unknown,Unknown,Unknown,Unknown
Leonard Harvey NITZ,leonard-nitz,https://www.teamusa.com/profiles/leonard-nitz,Unknown,Unknown,Unknown,Unknown
Mark Brian GORSKI,mark-gorski,https://www.teamusa.com/profiles/mark-gorski,Unknown,Unknown,Unknown,Unknown
Nelson Beasley VAILS,nelson-vails,https://www.teamusa.com/profiles/nelson-vails,Unknown,Unknown,Unknown,Unknown
Candace COSTIE,candace-costie,https://www.teamusa.com/profiles/candace-costie,Unknown,Unknown,Unknown,Unknown
Barthold Wayne CONNER,barthold-conner,https://www.teamusa.com/profiles/barthold-conner,Unknown,Unknown,Unknown,Unknown
Mitchell Jay GAYLORD,mitchell-gaylord,https://www.teamusa.com/profiles/mitchell-gaylord,Unknown,Unknown,Unknown,Unknown
Mary-Lou RETTON,mary-lou-retton,https://www.teamusa.com/profiles/mary-lou-retton,Unknown,Unknown,Unknown,Unknown
Peter Glen VIDMAR,peter-vidmar,https://www.teamusa.com/profiles/peter-vidmar,Unknown,Unknown,Unknown,Unknown
Julianne Lyn MCNAMARA,julianne-mcnamara,https://www.teamusa.com/profiles/julianne-mcnamara,Unknown,Unknown,Unknown,Unknown
Kathy Johnson,kathy-johnson,https://www.teamusa.com/profiles/kathy-johnson,Unknown,Unknown,Unknown,Unknown
Timothy Patrick DAGGETT,timothy-daggett,https://www.teamusa.com/profiles/timothy-daggett,Unknown,Unknown,Unknown,Unknown
Bradley Alan LEWIS,bradley-lewis,https://www.teamusa.com/profiles/bradley-lewis,Unknown,Unknown,Unknown,Unknown
Paul N. ENQUIST,paul-enquist,https://www.teamusa.com/profiles/paul-enquist,Unknown,Unknown,Unknown,Unknown
Charlotte Mosher GEER,charlotte-geer,https://www.teamusa.com/profiles/charlotte-geer,Unknown,Unknown,Unknown,Unknown
Alonzo C. BABERS,alonzo-babers,https://www.teamusa.com/profiles/alonzo-babers,Unknown,Unknown,Unknown,Unknown
Antonio Ricardo MCKAY,antonio-mckay,https://www.teamusa.com/profiles/antonio-mckay,Unknown,Unknown,Unknown,Unknown
Malcolm Maurice WILKINS,malcolm-wilkins,https://www.teamusa.com/profiles/malcolm-wilkins,Unknown,Unknown,Unknown,Unknown
John Gates POWELL,john-powell,https://www.teamusa.com/profiles/john-powell,Unknown,Unknown,Unknown,Unknown
Alice Regina BROWN,alice-brown,https://www.teamusa.com/profiles/alice-brown,Unknown,Unknown,Unknown,Unknown
Michael D'Andrea CARTER,michael-carter,https://www.teamusa.com/profiles/michael-carter,Unknown,Unknown,Unknown,Unknown
David Lester LAUT,david-laut,https://www.teamusa.com/profiles/david-laut,Unknown,Unknown,Unknown,Unknown
Brian Lee DIEMER,brian-diemer,https://www.teamusa.com/profiles/brian-diemer,Unknown,Unknown,Unknown,Unknown
Gregory FOSTER,gregory-foster,https://www.teamusa.com/profiles/gregory-foster,Unknown,Unknown,Unknown,Unknown
Michael Scott TULLY,michael-tully,https://www.teamusa.com/profiles/michael-tully,Unknown,Unknown,Unknown,Unknown
Earl Holmes BELL,earl-bell,https://www.teamusa.com/profiles/earl-bell,Unknown,Unknown,Unknown,Unknown
Valerie Ann BRISCO-HOOKS,valerie-brisco-hooks,https://www.teamusa.com/profiles/valerie-brisco-hooks,Unknown,Unknown,Unknown,Unknown
Chandra Danette CHEESEBOROUGH,chandra-cheeseborough,https://www.teamusa.com/profiles/chandra-cheeseborough,Unknown,Unknown,Unknown,Unknown
Joan BENOIT,joan-benoit,https://www.teamusa.com/profiles/joan-benoit,Unknown,Unknown,Unknown,Unknown
Earl JONES,earl-jones,https://www.teamusa.com/profiles/earl-jones,Unknown,Unknown,Unknown,Unknown
Kirk BAPTISTE,kirk-baptiste,https://www.teamusa.com/profiles/kirk-baptiste,Unknown,Unknown,Unknown,Unknown
Thomas Theodore JEFFERSON,thomas-jefferson,https://www.teamusa.com/profiles/thomas-jefferson,Unknown,Unknown,Unknown,Unknown
Johanna Luann HUNTLEY,johanna-huntley,https://www.teamusa.com/profiles/johanna-huntley,Unknown,Unknown,Unknown,Unknown
Benita FITZGERALD-BROWN,benita-fitzgerald-brown,https://www.teamusa.com/profiles/benita-fitzgerald-brown,Unknown,Unknown,Unknown,Unknown
Kim TURNER,kim-turner,https://www.teamusa.com/profiles/kim-turner,Unknown,Unknown,Unknown,Unknown
Leslie Jean DENIZ,leslie-deniz,https://www.teamusa.com/profiles/leslie-deniz,Unknown,Unknown,Unknown,Unknown
Daniel Lee HARRIS,daniel-harris,https://www.teamusa.com/profiles/daniel-harris,Unknown,Unknown,Unknown,Unknown
Al Joyner,al-joyner,https://www.teamusa.com/profiles/al-joyner,Unknown,Unknown,Unknown,Unknown
Judith Lynne BROWN,judith-brown,https://www.teamusa.com/profiles/judith-brown,Unknown,Unknown,Unknown,Unknown
Samuel Louis GRADDY,samuel-graddy,https://www.teamusa.com/profiles/samuel-graddy,Unknown,Unknown,Unknown,Unknown
Matthew Alexander DRYKE,matthew-dryke,https://www.teamusa.com/profiles/matthew-dryke,Unknown,Unknown,Unknown,Unknown
Ruby Ellen FOX,ruby-fox,https://www.teamusa.com/profiles/ruby-fox,Unknown,Unknown,Unknown,Unknown
Wanda Rae JEWELL,wanda-jewell,https://www.teamusa.com/profiles/wanda-jewell,Unknown,Unknown,Unknown,Unknown
Edward ETZEL,edward-etzel,https://www.teamusa.com/profiles/edward-etzel,Unknown,Unknown,Unknown,Unknown
Karen Patricia SPURGIN,karen-spurgin,https://www.teamusa.com/profiles/karen-spurgin,Unknown,Unknown,Unknown,Unknown
Daniel Thomas CARLISLE,daniel-carlisle,https://www.teamusa.com/profiles/daniel-carlisle,Unknown,Unknown,Unknown,Unknown
James Michael MARTINEZ,james-martinez,https://www.teamusa.com/profiles/james-martinez,Unknown,Unknown,Unknown,Unknown
Randall Scott LEWIS,randall-lewis,https://www.teamusa.com/profiles/randall-lewis,Unknown,Unknown,Unknown,Unknown
Mark Philip SCHULTZ,mark-schultz,https://www.teamusa.com/profiles/mark-schultz,Unknown,Unknown,Unknown,Unknown
Barry Alan DAVIS,barry-davis,https://www.teamusa.com/profiles/barry-davis,Unknown,Unknown,Unknown,Unknown
Andrew Roland REIN,andrew-rein,https://www.teamusa.com/profiles/andrew-rein,Unknown,Unknown,Unknown,Unknown
Lou Banach,lou-banach,https://www.teamusa.com/profiles/lou-banach,Unknown,Unknown,Unknown,Unknown
Jeffrey Carl BLATNICK,jeffrey-blatnick,https://www.teamusa.com/profiles/jeffrey-blatnick,Unknown,Unknown,Unknown,Unknown
Steven Howard FRASER,steven-fraser,https://www.teamusa.com/profiles/steven-fraser,Unknown,Unknown,Unknown,Unknown
Robert Brooks WEAVER,robert-weaver,https://www.teamusa.com/profiles/robert-weaver,Unknown,Unknown,Unknown,Unknown
Ed Banach,ed-banach,https://www.teamusa.com/profiles/ed-banach,Unknown,Unknown,Unknown,Unknown
David Leslie SCHULTZ,david-schultz,https://www.teamusa.com/profiles/david-schultz,Unknown,Unknown,Unknown,Unknown
Gregory P. GIBSON,gregory-gibson,https://www.teamusa.com/profiles/gregory-gibson,Unknown,Unknown,Unknown,Unknown
Wendy Lian WYLAND-WILLIAMS,wendy-wyland-williams,https://www.teamusa.com/profiles/wendy-wyland-williams,Unknown,Unknown,Unknown,Unknown
Christina SEUFERT,christina-seufert,https://www.teamusa.com/profiles/christina-seufert,Unknown,Unknown,Unknown,Unknown
Bruce D. KIMBALL,bruce-kimball,https://www.teamusa.com/profiles/bruce-kimball,Unknown,Unknown,Unknown,Unknown
Ronald Marshall MERRIOTT,ronald-merriott,https://www.teamusa.com/profiles/ronald-merriott,Unknown,Unknown,Unknown,Unknown
Frank TATE,frank-tate,https://www.teamusa.com/profiles/frank-tate,Unknown,Unknown,Unknown,Unknown
Steven D. MCCRORY,steven-mccrory,https://www.teamusa.com/profiles/steven-mccrory,Unknown,Unknown,Unknown,Unknown
Henry TILLMAN,henry-tillman,https://www.teamusa.com/profiles/henry-tillman,Unknown,Unknown,Unknown,Unknown
Evander HOLYFIELD,evander-holyfield,https://www.teamusa.com/profiles/evander-holyfield,Unknown,Unknown,Unknown,Unknown
Meldrick TAYLOR,meldrick-taylor,https://www.teamusa.com/profiles/meldrick-taylor,Unknown,Unknown,Unknown,Unknown
Paul Garza Jr. GONZALEZ,paul-gonzalez,https://www.teamusa.com/profiles/paul-gonzalez,Unknown,Unknown,Unknown,Unknown
Mark Anthony BRELAND,mark-breland,https://www.teamusa.com/profiles/mark-breland,Unknown,Unknown,Unknown,Unknown
Pernell WHITAKER,pernell-whitaker,https://www.teamusa.com/profiles/pernell-whitaker,Unknown,Unknown,Unknown,Unknown
Jeremy Louis PAGE,jeremy-page,https://www.teamusa.com/profiles/jeremy-page,Unknown,Unknown,Unknown,Unknown
Tyrell BIGGS,tyrell-biggs,https://www.teamusa.com/profiles/tyrell-biggs,Unknown,Unknown,Unknown,Unknown
Virgil Eugene HILL,virgil-hill,https://www.teamusa.com/profiles/virgil-hill,Unknown,Unknown,Unknown,Unknown
Darrell Owen PACE,darrell-pace,https://www.teamusa.com/profiles/darrell-pace,Unknown,Unknown,Unknown,Unknown
Richard Lee MCKINNEY,richard-mckinney,https://www.teamusa.com/profiles/richard-mckinney,Unknown,Unknown,Unknown,Unknown
Debbie ARMSTRONG,debbie-armstrong,https://www.teamusa.com/profiles/debbie-armstrong,Unknown,Unknown,Unknown,Unknown
Christin COOPER,christin-cooper,https://www.teamusa.com/profiles/christin-cooper,Unknown,Unknown,Unknown,Unknown
William JOHNSON,william-johnson,https://www.teamusa.com/profiles/william-johnson,Unknown,Unknown,Unknown,Unknown
Phil Mahre,phil-mahre,https://www.teamusa.com/profiles/phil-mahre,Unknown,Unknown,Unknown,Unknown
Steve Mahre,steve-mahre,https://www.teamusa.com/profiles/steve-mahre,Unknown,Unknown,Unknown,Unknown
Kitty CARRUTHERS,kitty-carruthers,https://www.teamusa.com/profiles/kitty-carruthers,Unknown,Unknown,Unknown,Unknown
Peter CARRUTHERS,peter-carruthers,https://www.teamusa.com/profiles/peter-carruthers,Unknown,Unknown,Unknown,Unknown
Rosalyn SUMNERS,rosalyn-sumners,https://www.teamusa.com/profiles/rosalyn-sumners,Unknown,Unknown,Unknown,Unknown
Scott HAMILTON,scott-hamilton,https://www.teamusa.com/profiles/scott-hamilton,Unknown,Unknown,Unknown,Unknown
Leah MUELLER,leah-mueller,https://www.teamusa.com/profiles/leah-mueller,Unknown,Unknown,Unknown,Unknown
Eric HEIDEN,eric-heiden,https://www.teamusa.com/profiles/eric-heiden,Unknown,Unknown,Unknown,Unknown
Beth HEIDEN,beth-heiden,https://www.teamusa.com/profiles/beth-heiden,Unknown,Unknown,Unknown,Unknown
Charles TICKNER,charles-tickner,https://www.teamusa.com/profiles/charles-tickner,Unknown,Unknown,Unknown,Unknown
Linda FRATIANNE,linda-fratianne,https://www.teamusa.com/profiles/linda-fratianne,Unknown,Unknown,Unknown,Unknown
Allen James COAGE,allen-coage,https://www.teamusa.com/profiles/allen-coage,Unknown,Unknown,Unknown,Unknown
Donald Stanley HALDEMAN,donald-haldeman,https://www.teamusa.com/profiles/donald-haldeman,Unknown,Unknown,Unknown,Unknown
Lanny BASSHAM,lanny-bassham,https://www.teamusa.com/profiles/lanny-bassham,Unknown,Unknown,Unknown,Unknown
Margaret THOMPSON-MURDOCK,margaret-thompson-murdock,https://www.teamusa.com/profiles/margaret-thompson-murdock,Unknown,Unknown,Unknown,Unknown
Luann Marie RYON,luann-ryon,https://www.teamusa.com/profiles/luann-ryon,Unknown,Unknown,Unknown,Unknown
"Lee Roy, Jr. JAMES",lee-james,https://www.teamusa.com/profiles/lee-james,Unknown,Unknown,Unknown,Unknown
Edmund Sloane COFFIN,edmund-coffin,https://www.teamusa.com/profiles/edmund-coffin,Unknown,Unknown,Unknown,Unknown
John Michael PLUMB,john-plumb,https://www.teamusa.com/profiles/john-plumb,Unknown,Unknown,Unknown,Unknown
Mike BRUNER,mike-bruner,https://www.teamusa.com/profiles/mike-bruner,Unknown,Unknown,Unknown,Unknown
Steven Garrett GREGG,steven-gregg,https://www.teamusa.com/profiles/steven-gregg,Unknown,Unknown,Unknown,Unknown
"William Ronald, Jr. FORRESTER",william-forrester,https://www.teamusa.com/profiles/william-forrester,Unknown,Unknown,Unknown,Unknown
Shirley Farber BABASHOFF,shirley-babashoff,https://www.teamusa.com/profiles/shirley-babashoff,Unknown,Unknown,Unknown,Unknown
Bruce Macfarlane FURNISS,bruce-furniss,https://www.teamusa.com/profiles/bruce-furniss,Unknown,Unknown,Unknown,Unknown
John Phillips NABER,john-naber,https://www.teamusa.com/profiles/john-naber,Unknown,Unknown,Unknown,Unknown
Jim MONTGOMERY,jim-montgomery,https://www.teamusa.com/profiles/jim-montgomery,Unknown,Unknown,Unknown,Unknown
Wendy Lansbach BOGLIOLI,wendy-boglioli,https://www.teamusa.com/profiles/wendy-boglioli,Unknown,Unknown,Unknown,Unknown
Brian Stuart GOODELL,brian-goodell,https://www.teamusa.com/profiles/brian-goodell,Unknown,Unknown,Unknown,Unknown
Robert William HACKETT,robert-hackett,https://www.teamusa.com/profiles/robert-hackett,Unknown,Unknown,Unknown,Unknown
John Frederick HENCKEN,john-hencken,https://www.teamusa.com/profiles/john-hencken,Unknown,Unknown,Unknown,Unknown
Richard Phillip Jr. COLELLA,richard-colella,https://www.teamusa.com/profiles/richard-colella,Unknown,Unknown,Unknown,Unknown
Peter Drake ROCCA,peter-rocca,https://www.teamusa.com/profiles/peter-rocca,Unknown,Unknown,Unknown,Unknown
Rodney STRACHAN,rodney-strachan,https://www.teamusa.com/profiles/rodney-strachan,Unknown,Unknown,Unknown,Unknown
Alexander Timothy MCKEE,alexander-mckee,https://www.teamusa.com/profiles/alexander-mckee,Unknown,Unknown,Unknown,Unknown
Daniel Lee HARRIGAN,daniel-harrigan,https://www.teamusa.com/profiles/daniel-harrigan,Unknown,Unknown,Unknown,Unknown
Wendy Elizabeth WEINBERG,wendy-weinberg,https://www.teamusa.com/profiles/wendy-weinberg,Unknown,Unknown,Unknown,Unknown
"Jack, Jr. BABASHOFF",jack-babashoff,https://www.teamusa.com/profiles/jack-babashoff,Unknown,Unknown,Unknown,Unknown
Matthew Haynes VOGEL,matthew-vogel,https://www.teamusa.com/profiles/matthew-vogel,Unknown,Unknown,Unknown,Unknown
Joseph Stuart BOTTOM,joseph-bottom,https://www.teamusa.com/profiles/joseph-bottom,Unknown,Unknown,Unknown,Unknown
Gary Jr. HALL,gary-hall,https://www.teamusa.com/profiles/gary-hall,Paradise Valley,Unknown,74,"Indiana University, Bloomington"
Timothy Andrew SHAW,timothy-shaw,https://www.teamusa.com/profiles/timothy-shaw,Unknown,Unknown,Unknown,Unknown
David Rockwell MCFAULL,david-mcfaull,https://www.teamusa.com/profiles/david-mcfaull,Unknown,Unknown,Unknown,Unknown
Michael Jon ROTHWELL,michael-rothwell,https://www.teamusa.com/profiles/michael-rothwell,Unknown,Unknown,Unknown,Unknown
Conrad Francis FINDLAY,conrad-findlay,https://www.teamusa.com/profiles/conrad-findlay,Unknown,Unknown,Unknown,Unknown
Dennis Walter CONNER,dennis-conner,https://www.teamusa.com/profiles/dennis-conner,Unknown,Unknown,Unknown,Unknown
David Luther ROBERTS,david-roberts,https://www.teamusa.com/profiles/david-roberts,Unknown,Unknown,Unknown,Unknown
William Bruce JENNER,william-jenner,https://www.teamusa.com/profiles/william-jenner,Unknown,Unknown,Unknown,Unknown
Frederick Vaughn NEWHOUSE,frederick-newhouse,https://www.teamusa.com/profiles/frederick-newhouse,Unknown,Unknown,Unknown,Unknown
Herman Ronald FRAZIER,herman-frazier,https://www.teamusa.com/profiles/herman-frazier,Unknown,Unknown,Unknown,Unknown
Richard Charles WOHLHUTER,richard-wohlhuter,https://www.teamusa.com/profiles/richard-wohlhuter,Unknown,Unknown,Unknown,Unknown
James A. BUTTS,james-butts,https://www.teamusa.com/profiles/james-butts,Unknown,Unknown,Unknown,Unknown
Dwight Edwin STONES,dwight-stones,https://www.teamusa.com/profiles/dwight-stones,Unknown,Unknown,Unknown,Unknown
Michael Lyle SHINE,michael-shine,https://www.teamusa.com/profiles/michael-shine,Unknown,Unknown,Unknown,Unknown
Catherine Laverne MCMILLAN,catherine-mcmillan,https://www.teamusa.com/profiles/catherine-mcmillan,Unknown,Unknown,Unknown,Unknown
Millard Frank Jr. HAMPTON,millard-hampton,https://www.teamusa.com/profiles/millard-hampton,Unknown,Unknown,Unknown,Unknown
Dwayne Eugene EVANS,dwayne-evans,https://www.teamusa.com/profiles/dwayne-evans,Unknown,Unknown,Unknown,Unknown
Willie DAVENPORT,willie-davenport,https://www.teamusa.com/profiles/willie-davenport,Unknown,Unknown,Unknown,Unknown
Arnie ROBINSON,arnie-robinson,https://www.teamusa.com/profiles/arnie-robinson,Unknown,Unknown,Unknown,Unknown
Randel Luvelle WILLIAMS,randel-williams,https://www.teamusa.com/profiles/randel-williams,Unknown,Unknown,Unknown,Unknown
Kathryn Joan SCHMIDT,kathryn-schmidt,https://www.teamusa.com/profiles/kathryn-schmidt,Unknown,Unknown,Unknown,Unknown
Frank Charles SHORTER,frank-shorter,https://www.teamusa.com/profiles/frank-shorter,Unknown,Unknown,Unknown,Unknown
Jennifer Kay CHANDLER,jennifer-chandler,https://www.teamusa.com/profiles/jennifer-chandler,Unknown,Unknown,Unknown,Unknown
Cynthia POTTER-MCINGVALE,cynthia-potter-mcingvale,https://www.teamusa.com/profiles/cynthia-potter-mcingvale,Unknown,Unknown,Unknown,Unknown
Deborah Keplar WILSON,deborah-wilson,https://www.teamusa.com/profiles/deborah-wilson,Unknown,Unknown,Unknown,Unknown
Philip George BOGGS,philip-boggs,https://www.teamusa.com/profiles/philip-boggs,Unknown,Unknown,Unknown,Unknown
Calvin Thomas COFFEY,calvin-coffey,https://www.teamusa.com/profiles/calvin-coffey,Unknown,Unknown,Unknown,Unknown
Michael Laurence STAINES,michael-staines,https://www.teamusa.com/profiles/michael-staines,Unknown,Unknown,Unknown,Unknown
Joan Louise LIND,joan-lind,https://www.teamusa.com/profiles/joan-lind,Unknown,Unknown,Unknown,Unknown
Peter Martin KORMANN,peter-kormann,https://www.teamusa.com/profiles/peter-kormann,Unknown,Unknown,Unknown,Unknown
John TATE,john-tate,https://www.teamusa.com/profiles/john-tate,Unknown,Unknown,Unknown,Unknown
"Leonard, Jr. SPINKS",leonard-spinks,https://www.teamusa.com/profiles/leonard-spinks,Unknown,Unknown,Unknown,Unknown
Michael L. SPINKS,michael-spinks,https://www.teamusa.com/profiles/michael-spinks,Unknown,Unknown,Unknown,Unknown
Ray Charles LEONARD,ray-leonard,https://www.teamusa.com/profiles/ray-leonard,Unknown,Unknown,Unknown,Unknown
"Howard Edward, Jr. DAVIS",howard-davis,https://www.teamusa.com/profiles/howard-davis,Unknown,Unknown,Unknown,Unknown
Leonard RANDOLPH,leonard-randolph,https://www.teamusa.com/profiles/leonard-randolph,Unknown,Unknown,Unknown,Unknown
Charles Michael MOONEY,charles-mooney,https://www.teamusa.com/profiles/charles-mooney,Unknown,Unknown,Unknown,Unknown
Eugene Lee DAVIS,eugene-davis,https://www.teamusa.com/profiles/eugene-davis,Unknown,Unknown,Unknown,Unknown
Lloyd Weldon KEASER,lloyd-keaser,https://www.teamusa.com/profiles/lloyd-keaser,Unknown,Unknown,Unknown,Unknown
Ben PETERSON,ben-peterson,https://www.teamusa.com/profiles/ben-peterson,Unknown,Unknown,Unknown,Unknown
"Stanley Joseph, Jr. DZIEDZIC",stanley-dziedzic,https://www.teamusa.com/profiles/stanley-dziedzic,Unknown,Unknown,Unknown,Unknown
Russell Owen HELLICKSON,russell-hellickson,https://www.teamusa.com/profiles/russell-hellickson,Unknown,Unknown,Unknown,Unknown
John Allan PETERSON,john-peterson,https://www.teamusa.com/profiles/john-peterson,Unknown,Unknown,Unknown,Unknown
William KOCH,william-koch,https://www.teamusa.com/profiles/william-koch,Unknown,Unknown,Unknown,Unknown
Cynthia NELSON,cynthia-nelson,https://www.teamusa.com/profiles/cynthia-nelson,Unknown,Unknown,Unknown,Unknown
Dorothy HAMILL,dorothy-hamill,https://www.teamusa.com/profiles/dorothy-hamill,Unknown,Unknown,Unknown,Unknown
Colleen O'CONNOR,colleen-oconnor,https://www.teamusa.com/profiles/colleen-oconnor,Unknown,Unknown,Unknown,Unknown
"Jim Millns, Jr.",jim-millns,https://www.teamusa.com/profiles/jim-millns,Unknown,Unknown,Unknown,Unknown
Sheila YOUNG,sheila-young,https://www.teamusa.com/profiles/sheila-young,Unknown,Unknown,Unknown,Unknown
Peter MUELLER,peter-mueller,https://www.teamusa.com/profiles/peter-mueller,Unknown,Unknown,Unknown,Unknown
Daniel IMMERFALL,daniel-immerfall,https://www.teamusa.com/profiles/daniel-immerfall,Unknown,Unknown,Unknown,Unknown
Glenn Seward II FOSTER,glenn-foster,https://www.teamusa.com/profiles/glenn-foster,Unknown,Unknown,Unknown,Unknown
Peter Sweetser DEAN,peter-dean,https://www.teamusa.com/profiles/peter-dean,Unknown,Unknown,Unknown,Unknown
Ricardo Luis CARRERAS,ricardo-carreras,https://www.teamusa.com/profiles/ricardo-carreras,Unknown,Unknown,Unknown,Unknown
Marvin L. JOHNSON,marvin-johnson,https://www.teamusa.com/profiles/marvin-johnson,Unknown,Unknown,Unknown,Unknown
Ray P. SEALES,ray-seales,https://www.teamusa.com/profiles/ray-seales,Unknown,Unknown,Unknown,Unknown
John (Jesse) VALDEZ,john-valdez,https://www.teamusa.com/profiles/john-valdez,Unknown,Unknown,Unknown,Unknown
John Henry WRITER,john-writer,https://www.teamusa.com/profiles/john-writer,Unknown,Unknown,Unknown,Unknown
Lones Wesley Jr. WIGGER,lones-wigger,https://www.teamusa.com/profiles/lones-wigger,Unknown,Unknown,Unknown,Unknown
Victor Lee AUER,victor-auer,https://www.teamusa.com/profiles/victor-auer,Unknown,Unknown,Unknown,Unknown
Michael Eugene STAMM,michael-stamm,https://www.teamusa.com/profiles/michael-stamm,Unknown,Unknown,Unknown,Unknown
Mitchell IVEY,mitchell-ivey,https://www.teamusa.com/profiles/mitchell-ivey,Unknown,Unknown,Unknown,Unknown
Thomas Edwin BRUCE,thomas-bruce,https://www.teamusa.com/profiles/thomas-bruce,Unknown,Unknown,Unknown,Unknown
Melissa Louise BELOTE,melissa-belote,https://www.teamusa.com/profiles/melissa-belote,Unknown,Unknown,Unknown,Unknown
Susanne Jean ATWOOD,susanne-atwood,https://www.teamusa.com/profiles/susanne-atwood,Unknown,Unknown,Unknown,Unknown
Keena Ruth ROTHHAMMER,keena-rothhammer,https://www.teamusa.com/profiles/keena-rothhammer,Unknown,Unknown,Unknown,Unknown
Dana Lee SCHOENFIELD,dana-schoenfield,https://www.teamusa.com/profiles/dana-schoenfield,Unknown,Unknown,Unknown,Unknown
Robert Steven GENTER,robert-genter,https://www.teamusa.com/profiles/robert-genter,Unknown,Unknown,Unknown,Unknown
Thomas Sean MCBREEN,thomas-mcbreen,https://www.teamusa.com/profiles/thomas-mcbreen,Unknown,Unknown,Unknown,Unknown
John Joseph MURPHY,john-murphy,https://www.teamusa.com/profiles/john-murphy,Unknown,Unknown,Unknown,Unknown
Mark SPITZ,mark-spitz,https://www.teamusa.com/profiles/mark-spitz,Unknown,Unknown,Unknown,Unknown
Catherine L. CARR,catherine-carr,https://www.teamusa.com/profiles/catherine-carr,Unknown,Unknown,Unknown,Unknown
Steven Charles FURNISS,steven-furniss,https://www.teamusa.com/profiles/steven-furniss,Unknown,Unknown,Unknown,Unknown
Lynn Marie VIDALI,lynn-vidali,https://www.teamusa.com/profiles/lynn-vidali,Unknown,Unknown,Unknown,Unknown
Mike BURTON,mike-burton,https://www.teamusa.com/profiles/mike-burton,Unknown,Unknown,Unknown,Unknown
Douglas Dale NORTHWAY,douglas-northway,https://www.teamusa.com/profiles/douglas-northway,Unknown,Unknown,Unknown,Unknown
Jerry Alan HEIDENREICH,jerry-heidenreich,https://www.teamusa.com/profiles/jerry-heidenreich,Unknown,Unknown,Unknown,Unknown
Alexandra Lynn NEILSON,alexandra-neilson,https://www.teamusa.com/profiles/alexandra-neilson,Unknown,Unknown,Unknown,Unknown
Robin James BACKHAUS,robin-backhaus,https://www.teamusa.com/profiles/robin-backhaus,Unknown,Unknown,Unknown,Unknown
Karen Patricia MOE-THORNTON,karen-moe-thornton,https://www.teamusa.com/profiles/karen-moe-thornton,Unknown,Unknown,Unknown,Unknown
Lynn Ann COLELLA,lynn-colella,https://www.teamusa.com/profiles/lynn-colella,Unknown,Unknown,Unknown,Unknown
Eleanor Suzanne DANIEL,eleanor-daniel,https://www.teamusa.com/profiles/eleanor-daniel,Unknown,Unknown,Unknown,Unknown
Doreen Viola Hansen WILBER,doreen-wilber,https://www.teamusa.com/profiles/doreen-wilber,Unknown,Unknown,Unknown,Unknown
John Chester WILLIAMS,john-williams,https://www.teamusa.com/profiles/john-williams,Middleburg,Unknown,61,Unknown
Neal SHAPIRO,neal-shapiro,https://www.teamusa.com/profiles/neal-shapiro,Unknown,Unknown,Unknown,Unknown
Robert TAYLOR,robert-taylor,https://www.teamusa.com/profiles/robert-taylor,Unknown,Unknown,Unknown,Unknown
William David SCHMIDT,william-schmidt,https://www.teamusa.com/profiles/william-schmidt,Unknown,Unknown,Unknown,Unknown
Kathleen HAMMOND,kathleen-hammond,https://www.teamusa.com/profiles/kathleen-hammond,Unknown,Unknown,Unknown,Unknown
Vincent Edward MATTHEWS,vincent-matthews,https://www.teamusa.com/profiles/vincent-matthews,Unknown,Unknown,Unknown,Unknown
Wayne Curtis COLLETT,wayne-collett,https://www.teamusa.com/profiles/wayne-collett,Unknown,Unknown,Unknown,Unknown
Ralph Vernon MANN,ralph-mann,https://www.teamusa.com/profiles/ralph-mann,Unknown,Unknown,Unknown,Unknown
Rodney Jr. MILBURN,rodney-milburn,https://www.teamusa.com/profiles/rodney-milburn,Unknown,Unknown,Unknown,Unknown
Thomas HILL,thomas-hill,https://www.teamusa.com/profiles/thomas-hill,Unknown,Unknown,Unknown,Unknown
Dave WOTTLE,dave-wottle,https://www.teamusa.com/profiles/dave-wottle,Unknown,Unknown,Unknown,Unknown
Lawrence Dean YOUNG,lawrence-young,https://www.teamusa.com/profiles/lawrence-young,Unknown,Unknown,Unknown,Unknown
Lawrence J. BLACK,lawrence-black,https://www.teamusa.com/profiles/lawrence-black,Unknown,Unknown,Unknown,Unknown
George Roger WOODS,george-woods,https://www.teamusa.com/profiles/george-woods,Unknown,Unknown,Unknown,Unknown
Bob SEAGREN,bob-seagren,https://www.teamusa.com/profiles/bob-seagren,Unknown,Unknown,Unknown,Unknown
Jan Eric JOHNSON,jan-johnson,https://www.teamusa.com/profiles/jan-johnson,Unknown,Unknown,Unknown,Unknown
L.Jay SILVESTER,l-silvester,https://www.teamusa.com/profiles/l-silvester,Unknown,Unknown,Unknown,Unknown
Christopher J. TAYLOR,christopher-taylor,https://www.teamusa.com/profiles/christopher-taylor,Unknown,Unknown,Unknown,Unknown
Wayne Turner WELLS,wayne-wells,https://www.teamusa.com/profiles/wayne-wells,Unknown,Unknown,Unknown,Unknown
Daniel Mack GABLE,daniel-gable,https://www.teamusa.com/profiles/daniel-gable,Unknown,Unknown,Unknown,Unknown
Richard Joseph SANDERS,richard-sanders,https://www.teamusa.com/profiles/richard-sanders,Unknown,Unknown,Unknown,Unknown
James Patrick MCEWAN,james-mcewan,https://www.teamusa.com/profiles/james-mcewan,Lakeville,6’0”,73,"Yale University (1975, literature); before that Landon School"
Micki KING,micki-king,https://www.teamusa.com/profiles/micki-king,Unknown,Unknown,Unknown,Unknown
Richard Anthony RYDZE,richard-rydze,https://www.teamusa.com/profiles/richard-rydze,Unknown,Unknown,Unknown,Unknown
Craig Howard LINCOLN,craig-lincoln,https://www.teamusa.com/profiles/craig-lincoln,Unknown,Unknown,Unknown,Unknown
Janet LYNN,janet-lynn,https://www.teamusa.com/profiles/janet-lynn,Unknown,Unknown,Unknown,Unknown
Dianne HOLUM,dianne-holum,https://www.teamusa.com/profiles/dianne-holum,Unknown,Unknown,Unknown,Unknown
Anne HENNING,anne-henning,https://www.teamusa.com/profiles/anne-henning,Unknown,Unknown,Unknown,Unknown
Barbara COCHRAN,barbara-cochran,https://www.teamusa.com/profiles/barbara-cochran,Unknown,Unknown,Unknown,Unknown
Susan CORROCK,susan-corrock,https://www.teamusa.com/profiles/susan-corrock,Unknown,Unknown,Unknown,Unknown
Ann Stewart PETERSON,ann-peterson,https://www.teamusa.com/profiles/ann-peterson,Unknown,Unknown,Unknown,Unknown
Bernard Charles WRIGHTSON,bernard-wrightson,https://www.teamusa.com/profiles/bernard-wrightson,Unknown,Unknown,Unknown,Unknown
James Edward HENRY,james-henry,https://www.teamusa.com/profiles/james-henry,Unknown,Unknown,Unknown,Unknown
Edwin Frank YOUNG,edwin-young,https://www.teamusa.com/profiles/edwin-young,Unknown,Unknown,Unknown,Unknown
Susanne GOSSICK,susanne-gossick,https://www.teamusa.com/profiles/susanne-gossick,Unknown,Unknown,Unknown,Unknown
Keala O'SULLIVAN,keala-osullivan,https://www.teamusa.com/profiles/keala-osullivan,Unknown,Unknown,Unknown,Unknown
Donald Rae BEHM,donald-behm,https://www.teamusa.com/profiles/donald-behm,Unknown,Unknown,Unknown,Unknown
Joseph Douglas DUBE,joseph-dube,https://www.teamusa.com/profiles/joseph-dube,Unknown,Unknown,Unknown,Unknown
Thomas Irvin GARRIGUS,thomas-garrigus,https://www.teamusa.com/profiles/thomas-garrigus,Unknown,Unknown,Unknown,Unknown
Gary Lee ANDERSON,gary-anderson,https://www.teamusa.com/profiles/gary-anderson,Unknown,Unknown,Unknown,Unknown
Charlie HICKCOX,charlie-hickcox,https://www.teamusa.com/profiles/charlie-hickcox,Unknown,Unknown,Unknown,Unknown
Ronald P. MILLS,ronald-mills,https://www.teamusa.com/profiles/ronald-mills,Unknown,Unknown,Unknown,Unknown
Debbie MEYER,debbie-meyer,https://www.teamusa.com/profiles/debbie-meyer,Unknown,Unknown,Unknown,Unknown
Pamela Jean KRUSE,pamela-kruse,https://www.teamusa.com/profiles/pamela-kruse,Unknown,Unknown,Unknown,Unknown
Donald Arthur SCHOLLANDER,donald-schollander,https://www.teamusa.com/profiles/donald-schollander,Unknown,Unknown,Unknown,Unknown
John Mauer NELSON,john-nelson,https://www.teamusa.com/profiles/john-nelson,Unknown,Unknown,Unknown,Unknown
Jane Margo HENNE,jane-henne,https://www.teamusa.com/profiles/jane-henne,Unknown,Unknown,Unknown,Unknown
Susan Jane PEDERSEN,susan-pedersen,https://www.teamusa.com/profiles/susan-pedersen,Unknown,Unknown,Unknown,Unknown
Linda Lee GUSTAVSON,linda-gustavson,https://www.teamusa.com/profiles/linda-gustavson,Unknown,Unknown,Unknown,Unknown
Lillian Debra WATSON,lillian-watson,https://www.teamusa.com/profiles/lillian-watson,Unknown,Unknown,Unknown,Unknown
Kaye Marie HALL,kaye-hall,https://www.teamusa.com/profiles/kaye-hall,Unknown,Unknown,Unknown,Unknown
Kenneth Marshall WALSH,kenneth-walsh,https://www.teamusa.com/profiles/kenneth-walsh,Unknown,Unknown,Unknown,Unknown
Jane Louise BARKMAN,jane-barkman,https://www.teamusa.com/profiles/jane-barkman,Unknown,Unknown,Unknown,Unknown
Claudia Anne KOLB,claudia-kolb,https://www.teamusa.com/profiles/claudia-kolb,Unknown,Unknown,Unknown,Unknown
Jack S. HORSLEY,jack-horsley,https://www.teamusa.com/profiles/jack-horsley,Unknown,Unknown,Unknown,Unknown
Douglas Albert RUSSELL,douglas-russell,https://www.teamusa.com/profiles/douglas-russell,Unknown,Unknown,Unknown,Unknown
Ross Elliott WALES,ross-wales,https://www.teamusa.com/profiles/ross-wales,Unknown,Unknown,Unknown,Unknown
Sharon Lynn WICHMAN,sharon-wichman,https://www.teamusa.com/profiles/sharon-wichman,Unknown,Unknown,Unknown,Unknown
Gregory F. BUCKINGHAM,gregory-buckingham,https://www.teamusa.com/profiles/gregory-buckingham,Unknown,Unknown,Unknown,Unknown
John Edward FERRIS,john-ferris,https://www.teamusa.com/profiles/john-ferris,Unknown,Unknown,Unknown,Unknown
Brian Gregory JOB,brian-job,https://www.teamusa.com/profiles/brian-job,Unknown,Unknown,Unknown,Unknown
Donald Ward Jr. MCKENZIE,donald-mckenzie,https://www.teamusa.com/profiles/donald-mckenzie,Unknown,Unknown,Unknown,Unknown
Jane Ellen SWAGERTY,jane-swagerty,https://www.teamusa.com/profiles/jane-swagerty,Unknown,Unknown,Unknown,Unknown
Susanne Marie SHIELDS,susanne-shields,https://www.teamusa.com/profiles/susanne-shields,Unknown,Unknown,Unknown,Unknown
John Pitann KINSELLA,john-kinsella,https://www.teamusa.com/profiles/john-kinsella,Unknown,Unknown,Unknown,Unknown
Carl Joseph III ROBIE,carl-robie,https://www.teamusa.com/profiles/carl-robie,Unknown,Unknown,Unknown,Unknown
William Patrick MAHER,william-maher,https://www.teamusa.com/profiles/william-maher,Unknown,Unknown,Unknown,Unknown
John Hamann NUNN,john-nunn,https://www.teamusa.com/profiles/john-nunn,"San Diego, CA","6'2""",48,"Harrison High School (Evansville, Ind.) ‘96 University of Wisconsin – Parkside ’97; Palomar College ’14, Business"
Lawrence Alan HOUGH,lawrence-hough,https://www.teamusa.com/profiles/lawrence-hough,Unknown,Unknown,Unknown,Unknown
Philip Anthony JOHNSON,philip-johnson,https://www.teamusa.com/profiles/philip-johnson,Unknown,Unknown,Unknown,Unknown
John Lee BALDWIN,john-baldwin,https://www.teamusa.com/profiles/john-baldwin,Unknown,Unknown,Unknown,Unknown
George FOREMAN,george-foreman,https://www.teamusa.com/profiles/george-foreman,Unknown,Unknown,Unknown,Unknown
Alberto ROBINSON,alberto-robinson,https://www.teamusa.com/profiles/alberto-robinson,Unknown,Unknown,Unknown,Unknown
Harlan Joseph MARBLEY,harlan-marbley,https://www.teamusa.com/profiles/harlan-marbley,Unknown,Unknown,Unknown,Unknown
Ronald Allen HARRIS,ronald-harris,https://www.teamusa.com/profiles/ronald-harris,Unknown,Unknown,Unknown,Unknown
James Robert Jr. WALLINGTON,james-wallington,https://www.teamusa.com/profiles/james-wallington,Unknown,Unknown,Unknown,Unknown
Alfred JONES,alfred-jones,https://www.teamusa.com/profiles/alfred-jones,Unknown,Unknown,Unknown,Unknown
Lee Edward EVANS,lee-evans,https://www.teamusa.com/profiles/lee-evans,Unknown,Unknown,Unknown,Unknown
George Lawrence JAMES,george-james,https://www.teamusa.com/profiles/george-james,Unknown,Unknown,Unknown,Unknown
Ronald John II FREEMAN,ronald-freeman,https://www.teamusa.com/profiles/ronald-freeman,Unknown,Unknown,Unknown,Unknown
Wyomia TYUS,wyomia-tyus,https://www.teamusa.com/profiles/wyomia-tyus,Unknown,Unknown,Unknown,Unknown
Barbara Ann FERRELL,barbara-ferrell,https://www.teamusa.com/profiles/barbara-ferrell,Unknown,Unknown,Unknown,Unknown
Alfred OERTER,alfred-oerter,https://www.teamusa.com/profiles/alfred-oerter,Unknown,Unknown,Unknown,Unknown
Bill TOOMEY,bill-toomey,https://www.teamusa.com/profiles/bill-toomey,Unknown,Unknown,Unknown,Unknown
James Ray HINES,james-hines,https://www.teamusa.com/profiles/james-hines,Unknown,Unknown,Unknown,Unknown
Charles Edward GREENE,charles-greene,https://www.teamusa.com/profiles/charles-greene,Unknown,Unknown,Unknown,Unknown
Richard Douglas FOSBURY,richard-fosbury,https://www.teamusa.com/profiles/richard-fosbury,Unknown,Unknown,Unknown,Unknown
Edward J. Jr. CARUTHERS,edward-caruthers,https://www.teamusa.com/profiles/edward-caruthers,Unknown,Unknown,Unknown,Unknown
James Ronald RYUN,james-ryun,https://www.teamusa.com/profiles/james-ryun,Unknown,Unknown,Unknown,Unknown
James Randel MATSON,james-matson,https://www.teamusa.com/profiles/james-matson,Unknown,Unknown,Unknown,Unknown
Ervin HALL,ervin-hall,https://www.teamusa.com/profiles/ervin-hall,Unknown,Unknown,Unknown,Unknown
George L. YOUNG,george-young,https://www.teamusa.com/profiles/george-young,Unknown,Unknown,Unknown,Unknown
Madeline MANNING,madeline-manning,https://www.teamusa.com/profiles/madeline-manning,Unknown,Unknown,Unknown,Unknown
Bob BEAMON,bob-beamon,https://www.teamusa.com/profiles/bob-beamon,Unknown,Unknown,Unknown,Unknown
Ralph Harold BOSTON,ralph-boston,https://www.teamusa.com/profiles/ralph-boston,Unknown,Unknown,Unknown,Unknown
Thomas Francis FARRELL,thomas-farrell,https://www.teamusa.com/profiles/thomas-farrell,Unknown,Unknown,Unknown,Unknown
Thomas C. SMITH,thomas-smith,https://www.teamusa.com/profiles/thomas-smith,Unknown,Unknown,Unknown,Unknown
John Wesley CARLOS,john-carlos,https://www.teamusa.com/profiles/john-carlos,Unknown,Unknown,Unknown,Unknown
Michael Owen PAGE,michael-page,https://www.teamusa.com/profiles/michael-page,Unknown,Unknown,Unknown,Unknown
Lowell Orton NORTH,lowell-north,https://www.teamusa.com/profiles/lowell-north,Unknown,Unknown,Unknown,Unknown
Peter Jones BARRETT,peter-barrett,https://www.teamusa.com/profiles/peter-barrett,Unknown,Unknown,Unknown,Unknown
William Clark STEINKRAUS,william-steinkraus,https://www.teamusa.com/profiles/william-steinkraus,Unknown,Unknown,Unknown,Unknown
Timothy WOOD,timothy-wood,https://www.teamusa.com/profiles/timothy-wood,Unknown,Unknown,Unknown,Unknown
Peggy FLEMING,peggy-fleming,https://www.teamusa.com/profiles/peggy-fleming,Unknown,Unknown,Unknown,Unknown
Richard MCDERMOTT,richard-mcdermott,https://www.teamusa.com/profiles/richard-mcdermott,Unknown,Unknown,Unknown,Unknown
Jennifer FISH,jennifer-fish,https://www.teamusa.com/profiles/jennifer-fish,Unknown,Unknown,Unknown,Unknown
Mary MEYERS,mary-meyers,https://www.teamusa.com/profiles/mary-meyers,Unknown,Unknown,Unknown,Unknown
"Buddy Melges, Jr.",buddy-melges,https://www.teamusa.com/profiles/buddy-melges,Unknown,Unknown,Unknown,Unknown
William Bruce BENTSEN,william-bentsen,https://www.teamusa.com/profiles/william-bentsen,Unknown,Unknown,Unknown,Unknown
Richard Irving STEARNS,richard-stearns,https://www.teamusa.com/profiles/richard-stearns,Unknown,Unknown,Unknown,Unknown
Lynn Alfred III WILLIAMS,lynn-williams,https://www.teamusa.com/profiles/lynn-williams,"Fresno, CA","5'7""",32,Pepperdine University
Daniel Oliver BRAND,daniel-brand,https://www.teamusa.com/profiles/daniel-brand,Unknown,Unknown,Unknown,Unknown
Ronald Woodson HARRIS,ronald-harris,https://www.teamusa.com/profiles/ronald-harris,Unknown,Unknown,Unknown,Unknown
Robert John CARMODY,robert-carmody,https://www.teamusa.com/profiles/robert-carmody,Unknown,Unknown,Unknown,Unknown
Charles BROWN,charles-brown,https://www.teamusa.com/profiles/charles-brown,Unknown,Unknown,Unknown,Unknown
Joseph FRAZIER,joseph-frazier,https://www.teamusa.com/profiles/joseph-frazier,Unknown,Unknown,Unknown,Unknown
Seymour Legrand II CROMWELL,seymour-cromwell,https://www.teamusa.com/profiles/seymour-cromwell,Unknown,Unknown,Unknown,Unknown
James Eugene STORM,james-storm,https://www.teamusa.com/profiles/james-storm,Unknown,Unknown,Unknown,Unknown
James Steven BREGMAN,james-bregman,https://www.teamusa.com/profiles/james-bregman,Unknown,Unknown,Unknown,Unknown
Jeanne Ellen COLLIER,jeanne-collier,https://www.teamusa.com/profiles/jeanne-collier,Unknown,Unknown,Unknown,Unknown
Mary Patricia WILLARD,mary-willard,https://www.teamusa.com/profiles/mary-willard,Unknown,Unknown,Unknown,Unknown
Robert David WEBSTER,robert-webster,https://www.teamusa.com/profiles/robert-webster,Unknown,Unknown,Unknown,Unknown
Thomas Eugen GOMPF,thomas-gompf,https://www.teamusa.com/profiles/thomas-gompf,Unknown,Unknown,Unknown,Unknown
Kenneth Robert SITZBERGER,kenneth-sitzberger,https://www.teamusa.com/profiles/kenneth-sitzberger,Unknown,Unknown,Unknown,Unknown
Francis Xavier GORMAN,francis-gorman,https://www.teamusa.com/profiles/francis-gorman,Unknown,Unknown,Unknown,Unknown
Lawrence Edwin ANDREASEN,lawrence-andreasen,https://www.teamusa.com/profiles/lawrence-andreasen,Unknown,Unknown,Unknown,Unknown
Lesley Leigh BUSH,lesley-bush,https://www.teamusa.com/profiles/lesley-bush,Unknown,Unknown,Unknown,Unknown
Sharon Marie STOUDER,sharon-stouder,https://www.teamusa.com/profiles/sharon-stouder,Unknown,Unknown,Unknown,Unknown
Kathy ELLIS,kathy-ellis,https://www.teamusa.com/profiles/kathy-ellis,Unknown,Unknown,Unknown,Unknown
Cathy FERGUSON,cathy-ferguson,https://www.teamusa.com/profiles/cathy-ferguson,Unknown,Unknown,Unknown,Unknown
Virginia Ruth DUENKEL,virginia-duenkel,https://www.teamusa.com/profiles/virginia-duenkel,Unknown,Unknown,Unknown,Unknown
Richard William ROTH,richard-roth,https://www.teamusa.com/profiles/richard-roth,Unknown,Unknown,Unknown,Unknown
Roy Allen SAARI,roy-saari,https://www.teamusa.com/profiles/roy-saari,Unknown,Unknown,Unknown,Unknown
Frederick Weber SCHMIDT,frederick-schmidt,https://www.teamusa.com/profiles/frederick-schmidt,Unknown,Unknown,Unknown,Unknown
Marilyn RAMENOFSKY,marilyn-ramenofsky,https://www.teamusa.com/profiles/marilyn-ramenofsky,Unknown,Unknown,Unknown,Unknown
Therese Lee STICKLES,therese-stickles,https://www.teamusa.com/profiles/therese-stickles,Unknown,Unknown,Unknown,Unknown
Chester Andrew JASTREMSKI,chester-jastremski,https://www.teamusa.com/profiles/chester-jastremski,Unknown,Unknown,Unknown,Unknown
Jedward Richard GRAEF,jedward-graef,https://www.teamusa.com/profiles/jedward-graef,Unknown,Unknown,Unknown,Unknown
Gary J. DILLEY,gary-dilley,https://www.teamusa.com/profiles/gary-dilley,Unknown,Unknown,Unknown,Unknown
Robert Earl BENNETT,robert-bennett,https://www.teamusa.com/profiles/robert-bennett,Unknown,Unknown,Unknown,Unknown
Donna Elizabeth DE VARONA,donna-varona,https://www.teamusa.com/profiles/donna-varona,Unknown,Unknown,Unknown,Unknown
Sharon Evans FINNERAN,sharon-finneran,https://www.teamusa.com/profiles/sharon-finneran,Unknown,Unknown,Unknown,Unknown
Martha Irene RANDALL,martha-randall,https://www.teamusa.com/profiles/martha-randall,Unknown,Unknown,Unknown,Unknown
Norbert SCHEMANSKY,norbert-schemansky,https://www.teamusa.com/profiles/norbert-schemansky,Unknown,Unknown,Unknown,Unknown
Isaac BERGER,isaac-berger,https://www.teamusa.com/profiles/isaac-berger,Unknown,Unknown,Unknown,Unknown
Hayes JONES,hayes-jones,https://www.teamusa.com/profiles/hayes-jones,Unknown,Unknown,Unknown,Unknown
Harold Blaine LINDGREN,harold-lindgren,https://www.teamusa.com/profiles/harold-lindgren,Unknown,Unknown,Unknown,Unknown
Warren (Rex) Jay CAWLEY,warren-cawley,https://www.teamusa.com/profiles/warren-cawley,Unknown,Unknown,Unknown,Unknown
Mike LARRABEE,mike-larrabee,https://www.teamusa.com/profiles/mike-larrabee,Unknown,Unknown,Unknown,Unknown
Edith Marie MCGUIRE,edith-mcguire,https://www.teamusa.com/profiles/edith-mcguire,Unknown,Unknown,Unknown,Unknown
David Lawson WEILL,david-weill,https://www.teamusa.com/profiles/david-weill,Unknown,Unknown,Unknown,Unknown
John Curtis THOMAS,john-thomas,https://www.teamusa.com/profiles/john-thomas,Unknown,Unknown,Unknown,Unknown
John Barnett RAMBO,john-rambo,https://www.teamusa.com/profiles/john-rambo,Unknown,Unknown,Unknown,Unknown
Billy MILLS,billy-mills,https://www.teamusa.com/profiles/billy-mills,Unknown,Unknown,Unknown,Unknown
Dallas Crutcher III LONG,dallas-long,https://www.teamusa.com/profiles/dallas-long,Unknown,Unknown,Unknown,Unknown
Robert Keyser SCHUL,robert-schul,https://www.teamusa.com/profiles/robert-schul,Unknown,Unknown,Unknown,Unknown
William Solon DELLINGER,william-dellinger,https://www.teamusa.com/profiles/william-dellinger,Unknown,Unknown,Unknown,Unknown
Henry CARR,henry-carr,https://www.teamusa.com/profiles/henry-carr,Unknown,Unknown,Unknown,Unknown
Otis Paul DRAYTON,otis-drayton,https://www.teamusa.com/profiles/otis-drayton,Unknown,Unknown,Unknown,Unknown
Robert HAYES,robert-hayes,https://www.teamusa.com/profiles/robert-hayes,Unknown,Unknown,Unknown,Unknown
Fred Hansen,fred-hansen,https://www.teamusa.com/profiles/fred-hansen,Unknown,Unknown,Unknown,Unknown
Martin Ingemar GUNNARSSON,martin-gunnarsson,https://www.teamusa.com/profiles/martin-gunnarsson,Unknown,Unknown,Unknown,Unknown
Frank GREEN,frank-green,https://www.teamusa.com/profiles/frank-green,Unknown,Unknown,Unknown,Unknown
William Clifton MORRIS,william-morris,https://www.teamusa.com/profiles/william-morris,Unknown,Unknown,Unknown,Unknown
Thomas Gayle POOL,thomas-pool,https://www.teamusa.com/profiles/thomas-pool,Unknown,Unknown,Unknown,Unknown
Francine Anne FOX,francine-fox,https://www.teamusa.com/profiles/francine-fox,"Washington, WA","5'6.5 (170 cm)""",Unknown,Unknown
Glorianne Aurore PERRIER,glorianne-perrier,https://www.teamusa.com/profiles/glorianne-perrier,Lewiston,"5''9"" (177 cm)""",97,Unknown
Marcia Ingram JONES-SMOKE,marcia-jones-smoke,https://www.teamusa.com/profiles/marcia-jones-smoke,Oklahoma City,"5'6""",84,Michigan State University
Scott ALLEN,scott-allen,https://www.teamusa.com/profiles/scott-allen,Unknown,Unknown,Unknown,Unknown
Vivian Laureen JOSEPH,vivian-joseph,https://www.teamusa.com/profiles/vivian-joseph,Unknown,Unknown,Unknown,Unknown
Ronald Bert JOSEPH,ronald-joseph,https://www.teamusa.com/profiles/ronald-joseph,Unknown,Unknown,Unknown,Unknown
William KIDD,william-kidd,https://www.teamusa.com/profiles/william-kidd,Unknown,Unknown,Unknown,Unknown
James HEUGA,james-heuga,https://www.teamusa.com/profiles/james-heuga,Unknown,Unknown,Unknown,Unknown
Jean SAUBERT,jean-saubert,https://www.teamusa.com/profiles/jean-saubert,Unknown,Unknown,Unknown,Unknown
James Enoch HILL,james-hill,https://www.teamusa.com/profiles/james-hill,Unknown,Unknown,Unknown,Unknown
William Willard MCMILLAN,william-mcmillan,https://www.teamusa.com/profiles/william-mcmillan,Unknown,Unknown,Unknown,Unknown
Robert Lee BECK,robert-beck,https://www.teamusa.com/profiles/robert-beck,Unknown,Unknown,Unknown,Unknown
Glenn Ashby DAVIS,glenn-davis,https://www.teamusa.com/profiles/glenn-davis,Unknown,Unknown,Unknown,Unknown
Clifton Emmett CUSHMAN,clifton-cushman,https://www.teamusa.com/profiles/clifton-cushman,Unknown,Unknown,Unknown,Unknown
Richard Wayne HOWARD,richard-howard,https://www.teamusa.com/profiles/richard-howard,Unknown,Unknown,Unknown,Unknown
David SIME,david-sime,https://www.teamusa.com/profiles/david-sime,Unknown,Unknown,Unknown,Unknown
Lee CALHOUN,lee-calhoun,https://www.teamusa.com/profiles/lee-calhoun,Unknown,Unknown,Unknown,Unknown
William Lee MAY,william-may,https://www.teamusa.com/profiles/william-may,Unknown,Unknown,Unknown,Unknown
Wilma RUDOLPH,wilma-rudolph,https://www.teamusa.com/profiles/wilma-rudolph,Unknown,Unknown,Unknown,Unknown
Donald George BRAGG,donald-bragg,https://www.teamusa.com/profiles/donald-bragg,Unknown,Unknown,Unknown,Unknown
Ronald Hugh MORRIS,ronald-morris,https://www.teamusa.com/profiles/ronald-morris,Unknown,Unknown,Unknown,Unknown
Rafer Lewis JOHNSON,rafer-johnson,https://www.teamusa.com/profiles/rafer-johnson,Unknown,Unknown,Unknown,Unknown
Otis Crandall DAVIS,otis-davis,https://www.teamusa.com/profiles/otis-davis,Unknown,Unknown,Unknown,Unknown
Irvin ROBERSON,irvin-roberson,https://www.teamusa.com/profiles/irvin-roberson,Unknown,Unknown,Unknown,Unknown
William Henry NIEDER,william-nieder,https://www.teamusa.com/profiles/william-nieder,Unknown,Unknown,Unknown,Unknown
Parry O'BRIEN,parry-obrien,https://www.teamusa.com/profiles/parry-obrien,Unknown,Unknown,Unknown,Unknown
Earlene Dennis BROWN,earlene-brown,https://www.teamusa.com/profiles/earlene-brown,Unknown,Unknown,Unknown,Unknown
Richard Aldrich BABKA,richard-babka,https://www.teamusa.com/profiles/richard-babka,Unknown,Unknown,Unknown,Unknown
Richard Lee COCHRAN,richard-cochran,https://www.teamusa.com/profiles/richard-cochran,Unknown,Unknown,Unknown,Unknown
Les Carney,les-carney,https://www.teamusa.com/profiles/les-carney,Unknown,Unknown,Unknown,Unknown
Paula Jean MYERS-POPE,paula-myers-pope,https://www.teamusa.com/profiles/paula-myers-pope,Unknown,Unknown,Unknown,Unknown
Gary Milburn TOBIAN,gary-tobian,https://www.teamusa.com/profiles/gary-tobian,Unknown,Unknown,Unknown,Unknown
Samuel Nesley HALL,samuel-hall,https://www.teamusa.com/profiles/samuel-hall,Unknown,Unknown,Unknown,Unknown
Albert AXELROD,albert-axelrod,https://www.teamusa.com/profiles/albert-axelrod,Unknown,Unknown,Unknown,Unknown
Douglas Morton BLUBAUGH,douglas-blubaugh,https://www.teamusa.com/profiles/douglas-blubaugh,Unknown,Unknown,Unknown,Unknown
Shelby Autrie WILSON,shelby-wilson,https://www.teamusa.com/profiles/shelby-wilson,Unknown,Unknown,Unknown,Unknown
Terence John MCCANN,terence-mccann,https://www.teamusa.com/profiles/terence-mccann,Unknown,Unknown,Unknown,Unknown
Lance Melvin LARSON,lance-larson,https://www.teamusa.com/profiles/lance-larson,Unknown,Unknown,Unknown,Unknown
Lynn Edythe BURKE,lynn-burke,https://www.teamusa.com/profiles/lynn-burke,Unknown,Unknown,Unknown,Unknown
William Danforth MULLIKEN,william-mulliken,https://www.teamusa.com/profiles/william-mulliken,Unknown,Unknown,Unknown,Unknown
George Thomas BREEN,george-breen,https://www.teamusa.com/profiles/george-breen,Unknown,Unknown,Unknown,Unknown
Carolyn Jane SCHULER,carolyn-schuler,https://www.teamusa.com/profiles/carolyn-schuler,Unknown,Unknown,Unknown,Unknown
Frank Edward Jr. MCKINNEY,frank-mckinney,https://www.teamusa.com/profiles/frank-mckinney,Unknown,Unknown,Unknown,Unknown
Michael Francis TROY,michael-troy,https://www.teamusa.com/profiles/michael-troy,Unknown,Unknown,Unknown,Unknown
John David GILLANDERS,john-gillanders,https://www.teamusa.com/profiles/john-gillanders,Unknown,Unknown,Unknown,Unknown
Chris VON SALTZA,chris-saltza,https://www.teamusa.com/profiles/chris-saltza,Unknown,Unknown,Unknown,Unknown
Eddie Jr. CROOK,eddie-crook,https://www.teamusa.com/profiles/eddie-crook,Unknown,Unknown,Unknown,Unknown
Wilbert James MCCLURE,wilbert-mcclure,https://www.teamusa.com/profiles/wilbert-mcclure,Unknown,Unknown,Unknown,Unknown
Quincey DANIELS,quincey-daniels,https://www.teamusa.com/profiles/quincey-daniels,Unknown,Unknown,Unknown,Unknown
Cassius Clay,cassius-clay,https://www.teamusa.com/profiles/cassius-clay,Unknown,Unknown,Unknown,Unknown
William Wilson PARKS,william-parks,https://www.teamusa.com/profiles/william-parks,Unknown,Unknown,Unknown,Unknown
Robert Sherman HALPERIN,robert-halperin,https://www.teamusa.com/profiles/robert-halperin,Unknown,Unknown,Unknown,Unknown
Charles Thomas Jr. VINCI,charles-vinci,https://www.teamusa.com/profiles/charles-vinci,Unknown,Unknown,Unknown,Unknown
James Edward BRADFORD,james-bradford,https://www.teamusa.com/profiles/james-bradford,Unknown,Unknown,Unknown,Unknown
James D. GEORGE,james-george,https://www.teamusa.com/profiles/james-george,Unknown,Unknown,Unknown,Unknown
Thomas Tamio KONO,thomas-kono,https://www.teamusa.com/profiles/thomas-kono,Unknown,Unknown,Unknown,Unknown
David JENKINS,david-jenkins,https://www.teamusa.com/profiles/david-jenkins,Unknown,Unknown,Unknown,Unknown
Nancy LUDINGTON,nancy-ludington,https://www.teamusa.com/profiles/nancy-ludington,Unknown,Unknown,Unknown,Unknown
Ronald LUDINGTON,ronald-ludington,https://www.teamusa.com/profiles/ronald-ludington,Unknown,Unknown,Unknown,Unknown
Carol HEISS,carol-heiss,https://www.teamusa.com/profiles/carol-heiss,Unknown,Unknown,Unknown,Unknown
Barbara ROLES,barbara-roles,https://www.teamusa.com/profiles/barbara-roles,Unknown,Unknown,Unknown,Unknown
Penelope PITOU,penelope-pitou,https://www.teamusa.com/profiles/penelope-pitou,Unknown,Unknown,Unknown,Unknown
Betsy SNITE,betsy-snite,https://www.teamusa.com/profiles/betsy-snite,Unknown,Unknown,Unknown,Unknown
Jeanne ASHWORTH,jeanne-ashworth,https://www.teamusa.com/profiles/jeanne-ashworth,Unknown,Unknown,Unknown,Unknown
William DISNEY,william-disney,https://www.teamusa.com/profiles/william-disney,Unknown,Unknown,Unknown,Unknown
Pat McCormick,pat-mccormick,https://www.teamusa.com/profiles/pat-mccormick,Unknown,Unknown,Unknown,Unknown
Juno Roslays STOVER-IRWIN,juno-stover-irwin,https://www.teamusa.com/profiles/juno-stover-irwin,Unknown,Unknown,Unknown,Unknown
Dick Conner,dick-conner,https://www.teamusa.com/profiles/dick-conner,Unknown,Unknown,Unknown,Unknown
Jeanne Georgetta STUNYO,jeanne-stunyo,https://www.teamusa.com/profiles/jeanne-stunyo,Unknown,Unknown,Unknown,Unknown
Robert Lynn CLOTWORTHY,robert-clotworthy,https://www.teamusa.com/profiles/robert-clotworthy,Unknown,Unknown,Unknown,Unknown
Donald De Wayne HARPER,donald-harper,https://www.teamusa.com/profiles/donald-harper,Unknown,Unknown,Unknown,Unknown
Pete RADEMACHER,pete-rademacher,https://www.teamusa.com/profiles/pete-rademacher,Unknown,Unknown,Unknown,Unknown
James Felton BOYD,james-boyd,https://www.teamusa.com/profiles/james-boyd,Unknown,Unknown,Unknown,Unknown
Jose Louis Chegui TORRES,jose-torres,https://www.teamusa.com/profiles/jose-torres,Unknown,Unknown,Unknown,Unknown
James Thomas FIFER,james-fifer,https://www.teamusa.com/profiles/james-fifer,Unknown,Unknown,Unknown,Unknown
Duvall Young HECHT,duvall-hecht,https://www.teamusa.com/profiles/duvall-hecht,Unknown,Unknown,Unknown,Unknown
Bernard Patrick Jr. COSTELLO,bernard-costello,https://www.teamusa.com/profiles/bernard-costello,Unknown,Unknown,Unknown,Unknown
James Arthur GARDINER,james-gardiner,https://www.teamusa.com/profiles/james-gardiner,Unknown,Unknown,Unknown,Unknown
"Jack Kelly, Jr.",jack-kelly,https://www.teamusa.com/profiles/jack-kelly,"North Andover, MA",Unknown,28,North Andover High School Hamilton College
John MARVIN,john-marvin,https://www.teamusa.com/profiles/john-marvin,Unknown,Unknown,Unknown,Unknown
Herbert Philip WILLIAMS,herbert-williams,https://www.teamusa.com/profiles/herbert-williams,Unknown,Unknown,Unknown,Unknown
Lawrence Edgar LOW,lawrence-low,https://www.teamusa.com/profiles/lawrence-low,Unknown,Unknown,Unknown,Unknown
Hal CONNOLLY,hal-connolly,https://www.teamusa.com/profiles/hal-connolly,Unknown,Unknown,Unknown,Unknown
Charles Lamont JENKINS,charles-jenkins,https://www.teamusa.com/profiles/charles-jenkins,Unknown,Unknown,Unknown,Unknown
Thomas William COURTNEY,thomas-courtney,https://www.teamusa.com/profiles/thomas-courtney,Unknown,Unknown,Unknown,Unknown
Silas Edward SOUTHERN,silas-southern,https://www.teamusa.com/profiles/silas-southern,Unknown,Unknown,Unknown,Unknown
Joshua CULBREATH,joshua-culbreath,https://www.teamusa.com/profiles/joshua-culbreath,Unknown,Unknown,Unknown,Unknown
Bobby MORROW,bobby-morrow,https://www.teamusa.com/profiles/bobby-morrow,Unknown,Unknown,Unknown,Unknown
Andrew William STANFIELD,andrew-stanfield,https://www.teamusa.com/profiles/andrew-stanfield,Unknown,Unknown,Unknown,Unknown
Walter Thane BAKER,walter-baker,https://www.teamusa.com/profiles/walter-baker,Unknown,Unknown,Unknown,Unknown
Gregory Curtis BELL,gregory-bell,https://www.teamusa.com/profiles/gregory-bell,Unknown,Unknown,Unknown,Unknown
John Dale BENNETT,john-bennett,https://www.teamusa.com/profiles/john-bennett,Unknown,Unknown,Unknown,Unknown
Jack DAVIS,jack-davis,https://www.teamusa.com/profiles/jack-davis,Unknown,Unknown,Unknown,Unknown
Joel SHANKLE,joel-shankle,https://www.teamusa.com/profiles/joel-shankle,Unknown,Unknown,Unknown,Unknown
Milton Gray CAMPBELL,milton-campbell,https://www.teamusa.com/profiles/milton-campbell,Unknown,Unknown,Unknown,Unknown
Bob Richards,bob-richards,https://www.teamusa.com/profiles/bob-richards,Unknown,Unknown,Unknown,Unknown
Robert Allen GUTOWSKI,robert-gutowski,https://www.teamusa.com/profiles/robert-gutowski,Unknown,Unknown,Unknown,Unknown
Charles Everett DUMAS,charles-dumas,https://www.teamusa.com/profiles/charles-dumas,Unknown,Unknown,Unknown,Unknown
Fortune Edward GORDIEN,fortune-gordien,https://www.teamusa.com/profiles/fortune-gordien,Unknown,Unknown,Unknown,Unknown
Desmond Dalworth KOCH,desmond-koch,https://www.teamusa.com/profiles/desmond-koch,Unknown,Unknown,Unknown,Unknown
Willye White,willye-white,https://www.teamusa.com/profiles/willye-white,Unknown,Unknown,Unknown,Unknown
Mildred Louise MCDANIEL,mildred-mcdaniel,https://www.teamusa.com/profiles/mildred-mcdaniel,Unknown,Unknown,Unknown,Unknown
Daniel Allen HODGE,daniel-hodge,https://www.teamusa.com/profiles/daniel-hodge,Unknown,Unknown,Unknown,Unknown
Peter Steele BLAIR,peter-blair,https://www.teamusa.com/profiles/peter-blair,Unknown,Unknown,Unknown,Unknown
Shelley Isabel MANN,shelley-mann,https://www.teamusa.com/profiles/shelley-mann,Unknown,Unknown,Unknown,Unknown
Nancy Jane RAMEY,nancy-ramey,https://www.teamusa.com/profiles/nancy-ramey,Unknown,Unknown,Unknown,Unknown
Mary Jane SEARS,mary-sears,https://www.teamusa.com/profiles/mary-sears,Unknown,Unknown,Unknown,Unknown
Carin Alice CONE,carin-cone,https://www.teamusa.com/profiles/carin-cone,Unknown,Unknown,Unknown,Unknown
Sylvia Eliina RUUSKA,sylvia-ruuska,https://www.teamusa.com/profiles/sylvia-ruuska,Unknown,Unknown,Unknown,Unknown
William Albert Jr. YORZYK,william-yorzyk,https://www.teamusa.com/profiles/william-yorzyk,Unknown,Unknown,Unknown,Unknown
Paul Edward ANDERSON,paul-anderson,https://www.teamusa.com/profiles/paul-anderson,Unknown,Unknown,Unknown,Unknown
David Joseph SHEPPARD,david-sheppard,https://www.teamusa.com/profiles/david-sheppard,Unknown,Unknown,Unknown,Unknown
Peter T. GEORGE,peter-george,https://www.teamusa.com/profiles/peter-george,Unknown,Unknown,Unknown,Unknown
Offutt PINION,offutt-pinion,https://www.teamusa.com/profiles/offutt-pinion,Unknown,Unknown,Unknown,Unknown
Tenley ALBRIGHT,tenley-albright,https://www.teamusa.com/profiles/tenley-albright,Unknown,Unknown,Unknown,Unknown
Hayes Allen JENKINS,hayes-jenkins,https://www.teamusa.com/profiles/hayes-jenkins,Unknown,Unknown,Unknown,Unknown
Ronald ROBERTSON,ronald-robertson,https://www.teamusa.com/profiles/ronald-robertson,Unknown,Unknown,Unknown,Unknown
Simeon Garland INESS,simeon-iness,https://www.teamusa.com/profiles/simeon-iness,Unknown,Unknown,Unknown,Unknown
James Leo DILLION,james-dillion,https://www.teamusa.com/profiles/james-dillion,Unknown,Unknown,Unknown,Unknown
Jimmy Gathers,jimmy-gathers,https://www.teamusa.com/profiles/jimmy-gathers,Unknown,Unknown,Unknown,Unknown
Oliver Adrian MATSON,oliver-matson,https://www.teamusa.com/profiles/oliver-matson,Unknown,Unknown,Unknown,Unknown
Donald Robert LAZ,donald-laz,https://www.teamusa.com/profiles/donald-laz,Unknown,Unknown,Unknown,Unknown
Cyrus C. Jr. YOUNG,cyrus-young,https://www.teamusa.com/profiles/cyrus-young,Unknown,Unknown,Unknown,Unknown
William Preston MILLER,william-miller,https://www.teamusa.com/profiles/william-miller,Unknown,Unknown,Unknown,Unknown
Jerome Cousins BIFFLE,jerome-biffle,https://www.teamusa.com/profiles/jerome-biffle,Unknown,Unknown,Unknown,Unknown
Meredith Charles GOURDINE,meredith-gourdine,https://www.teamusa.com/profiles/meredith-gourdine,Unknown,Unknown,Unknown,Unknown
Malvin Groston WHITFIELD,malvin-whitfield,https://www.teamusa.com/profiles/malvin-whitfield,Unknown,Unknown,Unknown,Unknown
Charles Hewes Jr. MOORE,charles-moore,https://www.teamusa.com/profiles/charles-moore,Unknown,Unknown,Unknown,Unknown
Harrison DILLARD,harrison-dillard,https://www.teamusa.com/profiles/harrison-dillard,Unknown,Unknown,Unknown,Unknown
Arthur BARNARD,arthur-barnard,https://www.teamusa.com/profiles/arthur-barnard,Unknown,Unknown,Unknown,Unknown
Horace III ASHENFELTER,horace-ashenfelter,https://www.teamusa.com/profiles/horace-ashenfelter,Unknown,Unknown,Unknown,Unknown
Darrow Clarence HOOPER,darrow-hooper,https://www.teamusa.com/profiles/darrow-hooper,Unknown,Unknown,Unknown,Unknown
James Emanuel FUCHS,james-fuchs,https://www.teamusa.com/profiles/james-fuchs,Unknown,Unknown,Unknown,Unknown
Robert MATHIAS,robert-mathias,https://www.teamusa.com/profiles/robert-mathias,Unknown,Unknown,Unknown,Unknown
Floyd Macon Jr. SIMMONS,floyd-simmons,https://www.teamusa.com/profiles/floyd-simmons,Unknown,Unknown,Unknown,Unknown
Lindy REMIGINO,lindy-remigino,https://www.teamusa.com/profiles/lindy-remigino,Unknown,Unknown,Unknown,Unknown
Robert MCMILLEN,robert-mcmillen,https://www.teamusa.com/profiles/robert-mcmillen,Unknown,Unknown,Unknown,Unknown
Walter Francis DAVIS,walter-davis,https://www.teamusa.com/profiles/walter-davis,Arnaudville,"6'2""",46,Barton County Community College ’00; LSU ‘02
Kenneth George WIESNER,kenneth-wiesner,https://www.teamusa.com/profiles/kenneth-wiesner,Unknown,Unknown,Unknown,Unknown
Henry WITTENBERG,henry-wittenberg,https://www.teamusa.com/profiles/henry-wittenberg,Unknown,Unknown,Unknown,Unknown
Joe Henson,joe-henson,https://www.teamusa.com/profiles/joe-henson,Unknown,Unknown,Unknown,Unknown
William Thomas SMITH,william-smith,https://www.teamusa.com/profiles/william-smith,Unknown,Unknown,Unknown,Unknown
Jay Thomas EVANS,jay-evans,https://www.teamusa.com/profiles/jay-evans,Unknown,Unknown,Unknown,Unknown
Stanley Anthony STANCZYK,stanley-stanczyk,https://www.teamusa.com/profiles/stanley-stanczyk,Unknown,Unknown,Unknown,Unknown
John Henry Jr. DAVIS,john-davis,https://www.teamusa.com/profiles/john-davis,Unknown,Unknown,Unknown,Unknown
Charles Paul Jr. LOGG,charles-logg,https://www.teamusa.com/profiles/charles-logg,Unknown,Unknown,Unknown,Unknown
Thomas Steele PRICE,thomas-price,https://www.teamusa.com/profiles/thomas-price,Unknown,Unknown,Unknown,Unknown
John Wesley PRICE,john-price,https://www.teamusa.com/profiles/john-price,Unknown,Unknown,Unknown,Unknown
John S. REID,john-reid,https://www.teamusa.com/profiles/john-reid,Unknown,Unknown,Unknown,Unknown
Zoe-Ann OLSEN-JENSEN,zoe-ann-olsen-jensen,https://www.teamusa.com/profiles/zoe-ann-olsen-jensen,Unknown,Unknown,Unknown,Unknown
Samuel LEE,samuel-lee,https://www.teamusa.com/profiles/samuel-lee,Unknown,Unknown,Unknown,Unknown
David Grieg Jr. BROWNING,david-browning,https://www.teamusa.com/profiles/david-browning,Unknown,Unknown,Unknown,Unknown
Miller Altman ANDERSON,miller-anderson,https://www.teamusa.com/profiles/miller-anderson,Unknown,Unknown,Unknown,Unknown
Floyd PATTERSON,floyd-patterson,https://www.teamusa.com/profiles/floyd-patterson,Unknown,Unknown,Unknown,Unknown
Charles ADKINS,charles-adkins,https://www.teamusa.com/profiles/charles-adkins,Unknown,Unknown,Unknown,Unknown
Nathan Eugene BROOKS,nathan-brooks,https://www.teamusa.com/profiles/nathan-brooks,Unknown,Unknown,Unknown,Unknown
Norvel Lafayette Ray LEE,norvel-lee,https://www.teamusa.com/profiles/norvel-lee,Unknown,Unknown,Unknown,Unknown
Hayes Edward SANDERS,hayes-sanders,https://www.teamusa.com/profiles/hayes-sanders,Unknown,Unknown,Unknown,Unknown
Arthur Charles JACKSON,arthur-jackson,https://www.teamusa.com/profiles/arthur-jackson,Unknown,Unknown,Unknown,Unknown
Huelet Leo BENNER,huelet-benner,https://www.teamusa.com/profiles/huelet-benner,Unknown,Unknown,Unknown,Unknown
Evelyn Tokue KAWAMOTO,evelyn-kawamoto,https://www.teamusa.com/profiles/evelyn-kawamoto,Unknown,Unknown,Unknown,Unknown
Bowen Dow STASSFORTH,bowen-stassforth,https://www.teamusa.com/profiles/bowen-stassforth,Unknown,Unknown,Unknown,Unknown
Ford Hiroshi KONNO,ford-konno,https://www.teamusa.com/profiles/ford-konno,Unknown,Unknown,Unknown,Unknown
Yoshinobu OYAKAWA,yoshinobu-oyakawa,https://www.teamusa.com/profiles/yoshinobu-oyakawa,Unknown,Unknown,Unknown,Unknown
Jack George Neil TAYLOR,jack-taylor,https://www.teamusa.com/profiles/jack-taylor,Unknown,Unknown,Unknown,Unknown
Clark Currie SCHOLES,clark-scholes,https://www.teamusa.com/profiles/clark-scholes,Unknown,Unknown,Unknown,Unknown
Stanley Delong BENHAM,stanley-benham,https://www.teamusa.com/profiles/stanley-benham,Unknown,Unknown,Unknown,Unknown
Patrick Henry MARTIN,patrick-martin,https://www.teamusa.com/profiles/patrick-martin,Unknown,Unknown,Unknown,Unknown
Kenneth HENRY,kenneth-henry,https://www.teamusa.com/profiles/kenneth-henry,Unknown,Unknown,Unknown,Unknown
Donald MCDERMOTT,donald-mcdermott,https://www.teamusa.com/profiles/donald-mcdermott,Unknown,Unknown,Unknown,Unknown
Andrea MEAD LAWRENCE,andrea-lawrence,https://www.teamusa.com/profiles/andrea-lawrence,Unknown,Unknown,Unknown,Unknown
Karol KENNEDY,karol-kennedy,https://www.teamusa.com/profiles/karol-kennedy,Unknown,Unknown,Unknown,Unknown
Michael KENNEDY,michael-kennedy,https://www.teamusa.com/profiles/michael-kennedy,Unknown,Unknown,Unknown,Unknown
Richard BUTTON,richard-button,https://www.teamusa.com/profiles/richard-button,Unknown,Unknown,Unknown,Unknown
James GROGAN,james-grogan,https://www.teamusa.com/profiles/james-grogan,Unknown,Unknown,Unknown,Unknown
Ralph Liggett Jr. EVANS,ralph-evans,https://www.teamusa.com/profiles/ralph-evans,Unknown,Unknown,Unknown,Unknown
Lockwood Masters PIRIE,lockwood-pirie,https://www.teamusa.com/profiles/lockwood-pirie,Unknown,Unknown,Unknown,Unknown
Owen Cates Jr. TORREY,owen-torrey,https://www.teamusa.com/profiles/owen-torrey,Unknown,Unknown,Unknown,Unknown
Hilary Hurlburt SMART,hilary-smart,https://www.teamusa.com/profiles/hilary-smart,Unknown,Unknown,Unknown,Unknown
Paul Hurlburt SMART,paul-smart,https://www.teamusa.com/profiles/paul-smart,Unknown,Unknown,Unknown,Unknown
Arthur Edwin COOK,arthur-cook,https://www.teamusa.com/profiles/arthur-cook,Unknown,Unknown,Unknown,Unknown
Walter TOMSEN,walter-tomsen,https://www.teamusa.com/profiles/walter-tomsen,Unknown,Unknown,Unknown,Unknown
Bruce Ira HARLAN,bruce-harlan,https://www.teamusa.com/profiles/bruce-harlan,Unknown,Unknown,Unknown,Unknown
Vicki DRAVES,vicki-draves,https://www.teamusa.com/profiles/vicki-draves,Unknown,Unknown,Unknown,Unknown
Patricia Anne ELSENER,patricia-elsener,https://www.teamusa.com/profiles/patricia-elsener,Unknown,Unknown,Unknown,Unknown
Steve Lysak,steve-lysak,https://www.teamusa.com/profiles/steve-lysak,Unknown,Unknown,Unknown,Unknown
Stephen Albert MACKNOWSKI,stephen-macknowski,https://www.teamusa.com/profiles/stephen-macknowski,Unknown,Unknown,Unknown,Unknown
Horace HERRING,horace-herring,https://www.teamusa.com/profiles/horace-herring,Unknown,Unknown,Unknown,Unknown
George Bissland MOORE,george-moore,https://www.teamusa.com/profiles/george-moore,Unknown,Unknown,Unknown,Unknown
Gerald Grant LEEMAN,gerald-leeman,https://www.teamusa.com/profiles/gerald-leeman,Unknown,Unknown,Unknown,Unknown
Glen BRAND,glen-brand,https://www.teamusa.com/profiles/glen-brand,Unknown,Unknown,Unknown,Unknown
Leland Gilbert Jr. MERRILL,leland-merrill,https://www.teamusa.com/profiles/leland-merrill,Unknown,Unknown,Unknown,Unknown
Frank HAVENS,frank-havens,https://www.teamusa.com/profiles/frank-havens,Arlington,6’2”,101,Unknown
Frank Isaac SPELLMAN,frank-spellman,https://www.teamusa.com/profiles/frank-spellman,Unknown,Unknown,Unknown,Unknown
Harold Toshiyuki SAKATA,harold-sakata,https://www.teamusa.com/profiles/harold-sakata,Unknown,Unknown,Unknown,Unknown
Joe DePietro,joe-depietro,https://www.teamusa.com/profiles/joe-depietro,Unknown,Unknown,Unknown,Unknown
Richard Watt Sung TOM,richard-tom,https://www.teamusa.com/profiles/richard-tom,Unknown,Unknown,Unknown,Unknown
William M. Jr. SMITH,william-smith,https://www.teamusa.com/profiles/william-smith,Unknown,Unknown,Unknown,Unknown
James Price Jr. MCLANE,james-mclane,https://www.teamusa.com/profiles/james-mclane,Unknown,Unknown,Unknown,Unknown
Walter Stephen RIS,walter-ris,https://www.teamusa.com/profiles/walter-ris,Unknown,Unknown,Unknown,Unknown
Alan Robert FORD,alan-ford,https://www.teamusa.com/profiles/alan-ford,Unknown,Unknown,Unknown,Unknown
Ann Elisabeth CURTIS,ann-curtis,https://www.teamusa.com/profiles/ann-curtis,Unknown,Unknown,Unknown,Unknown
Suzanne Winona ZIMMERMAN,suzanne-zimmerman,https://www.teamusa.com/profiles/suzanne-zimmerman,Unknown,Unknown,Unknown,Unknown
Allen Mcintyre STACK,allen-stack,https://www.teamusa.com/profiles/allen-stack,Unknown,Unknown,Unknown,Unknown
Robert Elmer COWELL,robert-cowell,https://www.teamusa.com/profiles/robert-cowell,Unknown,Unknown,Unknown,Unknown
Joseph Thomas VERDEUR,joseph-verdeur,https://www.teamusa.com/profiles/joseph-verdeur,Unknown,Unknown,Unknown,Unknown
Keith Eyre CARTER,keith-carter,https://www.teamusa.com/profiles/keith-carter,Unknown,Unknown,Unknown,Unknown
Robert Raymond SOHL,robert-sohl,https://www.teamusa.com/profiles/robert-sohl,Unknown,Unknown,Unknown,Unknown
Frank Sherman HENRY,frank-henry,https://www.teamusa.com/profiles/frank-henry,Unknown,Unknown,Unknown,Unknown
Alice Marie COACHMAN,alice-coachman,https://www.teamusa.com/profiles/alice-coachman,Unknown,Unknown,Unknown,Unknown
Audrey Mickey PATTERSON,audrey-patterson,https://www.teamusa.com/profiles/audrey-patterson,Unknown,Unknown,Unknown,Unknown
William Samuel STEELE,william-steele,https://www.teamusa.com/profiles/william-steele,Unknown,Unknown,Unknown,Unknown
Herbert Paul Jr. DOUGLAS,herbert-douglas,https://www.teamusa.com/profiles/herbert-douglas,Unknown,Unknown,Unknown,Unknown
Harold Norwood EWELL,harold-ewell,https://www.teamusa.com/profiles/harold-ewell,Unknown,Unknown,Unknown,Unknown
Robert Howard BENNETT,robert-bennett,https://www.teamusa.com/profiles/robert-bennett,Unknown,Unknown,Unknown,Unknown
William Franklin III PORTER,william-porter,https://www.teamusa.com/profiles/william-porter,Unknown,Unknown,Unknown,Unknown
Clyde SCOTT,clyde-scott,https://www.teamusa.com/profiles/clyde-scott,Unknown,Unknown,Unknown,Unknown
Craig DIXON,craig-dixon,https://www.teamusa.com/profiles/craig-dixon,Unknown,Unknown,Unknown,Unknown
Roy Braxton COCHRAN,roy-cochran,https://www.teamusa.com/profiles/roy-cochran,Unknown,Unknown,Unknown,Unknown
Melvin Emery PATTON,melvin-patton,https://www.teamusa.com/profiles/melvin-patton,Unknown,Unknown,Unknown,Unknown
Wilbur Marvin THOMPSON,wilbur-thompson,https://www.teamusa.com/profiles/wilbur-thompson,Unknown,Unknown,Unknown,Unknown
Francis James DELANEY,francis-delaney,https://www.teamusa.com/profiles/francis-delaney,Unknown,Unknown,Unknown,Unknown
Owen Guinn SMITH,owen-smith,https://www.teamusa.com/profiles/owen-smith,Unknown,Unknown,Unknown,Unknown
George Anthony STANICH,george-stanich,https://www.teamusa.com/profiles/george-stanich,Unknown,Unknown,Unknown,Unknown
Stephen Andrew SEYMOUR,stephen-seymour,https://www.teamusa.com/profiles/stephen-seymour,Unknown,Unknown,Unknown,Unknown
John HEATON,john-heaton,https://www.teamusa.com/profiles/john-heaton,Unknown,Unknown,Unknown,Unknown
Gretchen FRASER,gretchen-fraser,https://www.teamusa.com/profiles/gretchen-fraser,"Tacoma, WA",Unknown,Died (Aged 75),Unknown
"Fred Fortune, Jr.",fred-fortune,https://www.teamusa.com/profiles/fred-fortune,Unknown,Unknown,Unknown,Unknown
Schuyler CARRON,schuyler-carron,https://www.teamusa.com/profiles/schuyler-carron,Unknown,Unknown,Unknown,Unknown
Ken Bartholomew,ken-bartholomew,https://www.teamusa.com/profiles/ken-bartholomew,Unknown,Unknown,Unknown,Unknown
Robert FITZGERALD,robert-fitzgerald,https://www.teamusa.com/profiles/robert-fitzgerald,Unknown,Unknown,Unknown,Unknown
Earl THOMSON,earl-thomson,https://www.teamusa.com/profiles/earl-thomson,Unknown,Unknown,Unknown,Unknown
Glenn CUNNINGHAM,glenn-cunningham,https://www.teamusa.com/profiles/glenn-cunningham,Unknown,Unknown,Unknown,Unknown
Glenn Edward MORRIS,glenn-morris,https://www.teamusa.com/profiles/glenn-morris,Unknown,Unknown,Unknown,Unknown
Robert Hyatt CLARK,robert-clark,https://www.teamusa.com/profiles/robert-clark,Unknown,Unknown,Unknown,Unknown
John Jack PARKER,john-parker,https://www.teamusa.com/profiles/john-parker,Unknown,Unknown,Unknown,Unknown
Jesse OWENS,jesse-owens,https://www.teamusa.com/profiles/jesse-owens,Unknown,Unknown,Unknown,Unknown
Matthew Mackenzie ROBINSON,matthew-robinson,https://www.teamusa.com/profiles/matthew-robinson,Unknown,Unknown,Unknown,Unknown
Earle Elmer MEADOWS,earle-meadows,https://www.teamusa.com/profiles/earle-meadows,Unknown,Unknown,Unknown,Unknown
John Youie WOODRUFF,john-woodruff,https://www.teamusa.com/profiles/john-woodruff,Unknown,Unknown,Unknown,Unknown
Forrest Grady TOWNS,forrest-towns,https://www.teamusa.com/profiles/forrest-towns,Unknown,Unknown,Unknown,Unknown
Frederick Douglas Jr. POLLARD,frederick-pollard,https://www.teamusa.com/profiles/frederick-pollard,Unknown,Unknown,Unknown,Unknown
Cornelius Cooper JOHNSON,cornelius-johnson,https://www.teamusa.com/profiles/cornelius-johnson,Unknown,Unknown,Unknown,Unknown
David Donald ALBRITTON,david-albritton,https://www.teamusa.com/profiles/david-albritton,Unknown,Unknown,Unknown,Unknown
Delos Packard THURBER,delos-thurber,https://www.teamusa.com/profiles/delos-thurber,Unknown,Unknown,Unknown,Unknown
Helen Herring STEPHENS,helen-stephens,https://www.teamusa.com/profiles/helen-stephens,Unknown,Unknown,Unknown,Unknown
William Kenneth CARPENTER,william-carpenter,https://www.teamusa.com/profiles/william-carpenter,Unknown,Unknown,Unknown,Unknown
Gordon Glover DUNN,gordon-dunn,https://www.teamusa.com/profiles/gordon-dunn,Unknown,Unknown,Unknown,Unknown
Archibald Franklin WILLIAMS,archibald-williams,https://www.teamusa.com/profiles/archibald-williams,Unknown,Unknown,Unknown,Unknown
Jimmy Lu Valle,jimmy-valle,https://www.teamusa.com/profiles/jimmy-valle,Unknown,Unknown,Unknown,Unknown
Glenn Foster HARDIN,glenn-hardin,https://www.teamusa.com/profiles/glenn-hardin,Unknown,Unknown,Unknown,Unknown
Ralph METCALFE,ralph-metcalfe,https://www.teamusa.com/profiles/ralph-metcalfe,Unknown,Unknown,Unknown,Unknown
Dorothy POYNTON-HILL,dorothy-poynton-hill,https://www.teamusa.com/profiles/dorothy-poynton-hill,Unknown,Unknown,Unknown,Unknown
Velma Clancy DUNN PLOESSEL,velma-ploessel,https://www.teamusa.com/profiles/velma-ploessel,Unknown,Unknown,Unknown,Unknown
Marshall WAYNE,marshall-wayne,https://www.teamusa.com/profiles/marshall-wayne,Unknown,Unknown,Unknown,Unknown
Elbert Alonzo ROOT,elbert-root,https://www.teamusa.com/profiles/elbert-root,Unknown,Unknown,Unknown,Unknown
Richard Kempster DEGENER,richard-degener,https://www.teamusa.com/profiles/richard-degener,Unknown,Unknown,Unknown,Unknown
Alan GREENE,alan-greene,https://www.teamusa.com/profiles/alan-greene,Unknown,Unknown,Unknown,Unknown
Marjorie GESTRING,marjorie-gestring,https://www.teamusa.com/profiles/marjorie-gestring,Unknown,Unknown,Unknown,Unknown
Katherine Louise RAWLS,katherine-rawls,https://www.teamusa.com/profiles/katherine-rawls,Unknown,Unknown,Unknown,Unknown
Aaron Ross FLOOD,aaron-flood,https://www.teamusa.com/profiles/aaron-flood,Unknown,Unknown,Unknown,Unknown
Frank Wyatt LEWIS,frank-lewis,https://www.teamusa.com/profiles/frank-lewis,Unknown,Unknown,Unknown,Unknown
Richard Lawrence VOLIVA,richard-voliva,https://www.teamusa.com/profiles/richard-voliva,Unknown,Unknown,Unknown,Unknown
Francis Edward MILLARD,francis-millard,https://www.teamusa.com/profiles/francis-millard,Unknown,Unknown,Unknown,Unknown
Daniel Hubert Jr. BARROW,daniel-barrow,https://www.teamusa.com/profiles/daniel-barrow,Unknown,Unknown,Unknown,Unknown
Anthony TERLAZZO,anthony-terlazzo,https://www.teamusa.com/profiles/anthony-terlazzo,Unknown,Unknown,Unknown,Unknown
Charles Fredrick LEONARD,charles-leonard,https://www.teamusa.com/profiles/charles-leonard,Unknown,Unknown,Unknown,Unknown
Lou Laurie,lou-laurie,https://www.teamusa.com/profiles/lou-laurie,Unknown,Unknown,Unknown,Unknown
Jack WILSON,jack-wilson,https://www.teamusa.com/profiles/jack-wilson,Unknown,Unknown,Unknown,Unknown
Jack C. MEDICA,jack-medica,https://www.teamusa.com/profiles/jack-medica,Unknown,Unknown,Unknown,Unknown
Adolph Gustav KIEFER,adolph-kiefer,https://www.teamusa.com/profiles/adolph-kiefer,Unknown,Unknown,Unknown,Unknown
Al Vande Weghe,al-weghe,https://www.teamusa.com/profiles/al-weghe,Unknown,Unknown,Unknown,Unknown
Lenore KIGHT-WINGARD,lenore-kight-wingard,https://www.teamusa.com/profiles/lenore-kight-wingard,Unknown,Unknown,Unknown,Unknown
Alice W. BRIDGES,alice-bridges,https://www.teamusa.com/profiles/alice-bridges,Unknown,Unknown,Unknown,Unknown
Leo FREISINGER,leo-freisinger,https://www.teamusa.com/profiles/leo-freisinger,Unknown,Unknown,Unknown,Unknown
Ivan Elmore BROWN,ivan-brown,https://www.teamusa.com/profiles/ivan-brown,Unknown,Unknown,Unknown,Unknown
Alan M. WASHBOND,alan-washbond,https://www.teamusa.com/profiles/alan-washbond,Unknown,Unknown,Unknown,Unknown
"Gil Colgate, Jr.",gil-colgate,https://www.teamusa.com/profiles/gil-colgate,Unknown,Unknown,Unknown,Unknown
Richard Webster LAWRENCE,richard-lawrence,https://www.teamusa.com/profiles/richard-lawrence,Unknown,Unknown,Unknown,Unknown
Carmen BARTH,carmen-barth,https://www.teamusa.com/profiles/carmen-barth,Unknown,Unknown,Unknown,Unknown
Frederick FEARY,frederick-feary,https://www.teamusa.com/profiles/frederick-feary,Unknown,Unknown,Unknown,Unknown
Lou Salica,lou-salica,https://www.teamusa.com/profiles/lou-salica,Unknown,Unknown,Unknown,Unknown
Edward L. FLYNN,edward-flynn,https://www.teamusa.com/profiles/edward-flynn,Unknown,Unknown,Unknown,Unknown
Nathan BOR,nathan-bor,https://www.teamusa.com/profiles/nathan-bor,Unknown,Unknown,Unknown,Unknown
Henry Ludwig DUEY,henry-duey,https://www.teamusa.com/profiles/henry-duey,Unknown,Unknown,Unknown,Unknown
Edward Lansing GORDON,edward-gordon,https://www.teamusa.com/profiles/edward-gordon,Unknown,Unknown,Unknown,Unknown
Charles Lambert REDD,charles-redd,https://www.teamusa.com/profiles/charles-redd,Unknown,Unknown,Unknown,Unknown
Ralph Anthony HILL,ralph-hill,https://www.teamusa.com/profiles/ralph-hill,Unknown,Unknown,Unknown,Unknown
George J. Jr. SALING,george-saling,https://www.teamusa.com/profiles/george-saling,Unknown,Unknown,Unknown,Unknown
Percy BEARD,percy-beard,https://www.teamusa.com/profiles/percy-beard,Unknown,Unknown,Unknown,Unknown
Pete Zaremba,pete-zaremba,https://www.teamusa.com/profiles/pete-zaremba,Unknown,Unknown,Unknown,Unknown
Frederick Morgan TAYLOR,frederick-taylor,https://www.teamusa.com/profiles/frederick-taylor,Unknown,Unknown,Unknown,Unknown
Jean SHILEY,jean-shiley,https://www.teamusa.com/profiles/jean-shiley,Unknown,Unknown,Unknown,Unknown
Mildred DIDRIKSON,mildred-didrikson,https://www.teamusa.com/profiles/mildred-didrikson,Unknown,Unknown,Unknown,Unknown
Robert VAN OSDEL,robert-osdel,https://www.teamusa.com/profiles/robert-osdel,Unknown,Unknown,Unknown,Unknown
William Waring MILLER,william-miller,https://www.teamusa.com/profiles/william-miller,Unknown,Unknown,Unknown,Unknown
George G. JEFFERSON,george-jefferson,https://www.teamusa.com/profiles/george-jefferson,Unknown,Unknown,Unknown,Unknown
Joseph Paul MCCLUSKEY,joseph-mccluskey,https://www.teamusa.com/profiles/joseph-mccluskey,Unknown,Unknown,Unknown,Unknown
Wilhelmina VON BREMEN,wilhelmina-bremen,https://www.teamusa.com/profiles/wilhelmina-bremen,Unknown,Unknown,Unknown,Unknown
Lillian COPELAND,lillian-copeland,https://www.teamusa.com/profiles/lillian-copeland,Unknown,Unknown,Unknown,Unknown
Ruth OSBURN,ruth-osburn,https://www.teamusa.com/profiles/ruth-osburn,Unknown,Unknown,Unknown,Unknown
Eddie TOLAN,eddie-tolan,https://www.teamusa.com/profiles/eddie-tolan,Unknown,Unknown,Unknown,Unknown
Jim Bausch,jim-bausch,https://www.teamusa.com/profiles/jim-bausch,Unknown,Unknown,Unknown,Unknown
William Arthur CARR,william-carr,https://www.teamusa.com/profiles/william-carr,Unknown,Unknown,Unknown,Unknown
Benjamin Bangs EASTMAN,benjamin-eastman,https://www.teamusa.com/profiles/benjamin-eastman,Unknown,Unknown,Unknown,Unknown
Leo Joseph SEXTON,leo-sexton,https://www.teamusa.com/profiles/leo-sexton,Unknown,Unknown,Unknown,Unknown
Harlow Phelps ROTHERT,harlow-rothert,https://www.teamusa.com/profiles/harlow-rothert,Unknown,Unknown,Unknown,Unknown
George Sidney SIMPSON,george-simpson,https://www.teamusa.com/profiles/george-simpson,Unknown,Unknown,Unknown,Unknown
John Franklin ANDERSON,john-anderson,https://www.teamusa.com/profiles/john-anderson,Unknown,Unknown,Unknown,Unknown
Henri Jean LABORDE,henri-laborde,https://www.teamusa.com/profiles/henri-laborde,Unknown,Unknown,Unknown,Unknown
Evelyne Ruth HALL,evelyne-hall,https://www.teamusa.com/profiles/evelyne-hall,Unknown,Unknown,Unknown,Unknown
Alfred JOCHIM,alfred-jochim,https://www.teamusa.com/profiles/alfred-jochim,Unknown,Unknown,Unknown,Unknown
Edward CARMICHAEL,edward-carmichael,https://www.teamusa.com/profiles/edward-carmichael,Unknown,Unknown,Unknown,Unknown
Raymond Henry BASS,raymond-bass,https://www.teamusa.com/profiles/raymond-bass,Unknown,Unknown,Unknown,Unknown
William Jackson GALBRAITH,william-galbraith,https://www.teamusa.com/profiles/william-galbraith,Unknown,Unknown,Unknown,Unknown
Tom Connolly,tom-connolly,https://www.teamusa.com/profiles/tom-connolly,Unknown,Unknown,Unknown,Unknown
Dallas Denver BIXLER,dallas-bixler,https://www.teamusa.com/profiles/dallas-bixler,Unknown,Unknown,Unknown,Unknown
George Julius GULACK,george-gulack,https://www.teamusa.com/profiles/george-gulack,Unknown,Unknown,Unknown,Unknown
William Thomas DENTON,william-denton,https://www.teamusa.com/profiles/william-denton,Unknown,Unknown,Unknown,Unknown
George Helm ROTH,george-roth,https://www.teamusa.com/profiles/george-roth,Unknown,Unknown,Unknown,Unknown
Philip Richard ERENBERG,philip-erenberg,https://www.teamusa.com/profiles/philip-erenberg,Unknown,Unknown,Unknown,Unknown
Bill Kuhlemeier,bill-kuhlemeier,https://www.teamusa.com/profiles/bill-kuhlemeier,Unknown,Unknown,Unknown,Unknown
Rowland WOLFE,rowland-wolfe,https://www.teamusa.com/profiles/rowland-wolfe,Unknown,Unknown,Unknown,Unknown
Ed Gross,ed-gross,https://www.teamusa.com/profiles/ed-gross,Unknown,Unknown,Unknown,Unknown
Bill Hermann,bill-hermann,https://www.teamusa.com/profiles/bill-hermann,Unknown,Unknown,Unknown,Unknown
Frank Otto HAUBOLD,frank-haubold,https://www.teamusa.com/profiles/frank-haubold,Unknown,Unknown,Unknown,Unknown
Harry Dwight CHAMBERLIN,harry-chamberlin,https://www.teamusa.com/profiles/harry-chamberlin,Unknown,Unknown,Unknown,Unknown
Richard Walden MAYO,richard-mayo,https://www.teamusa.com/profiles/richard-mayo,Unknown,Unknown,Unknown,Unknown
William G. MILLER,william-miller,https://www.teamusa.com/profiles/william-miller,Unknown,Unknown,Unknown,Unknown
Ken Myers,ken-myers,https://www.teamusa.com/profiles/ken-myers,Unknown,Unknown,Unknown,Unknown
Williams  E.Garrett GILMORE,williams-gilmore,https://www.teamusa.com/profiles/williams-gilmore,Unknown,Unknown,Unknown,Unknown
Hiram E. TUTTLE,hiram-tuttle,https://www.teamusa.com/profiles/hiram-tuttle,Unknown,Unknown,Unknown,Unknown
Edgar NEMIR,edgar-nemir,https://www.teamusa.com/profiles/edgar-nemir,Unknown,Unknown,Unknown,Unknown
Robert Edward PEARCE,robert-pearce,https://www.teamusa.com/profiles/robert-pearce,Unknown,Unknown,Unknown,Unknown
Jack John RILEY,jack-riley,https://www.teamusa.com/profiles/jack-riley,Unknown,Unknown,Unknown,Unknown
Peter Joseph MEHRINGER,peter-mehringer,https://www.teamusa.com/profiles/peter-mehringer,Unknown,Unknown,Unknown,Unknown
Jack Francis VAN BEBBER,jack-bebber,https://www.teamusa.com/profiles/jack-bebber,Unknown,Unknown,Unknown,Unknown
Albert SCHWARTZ,albert-schwartz,https://www.teamusa.com/profiles/albert-schwartz,Unknown,Unknown,Unknown,Unknown
Helene MADISON,helene-madison,https://www.teamusa.com/profiles/helene-madison,Unknown,Unknown,Unknown,Unknown
Eleanor SAVILLE,eleanor-saville,https://www.teamusa.com/profiles/eleanor-saville,Unknown,Unknown,Unknown,Unknown
Eleanor HOLM,eleanor-holm,https://www.teamusa.com/profiles/eleanor-holm,Unknown,Unknown,Unknown,Unknown
James Crapo Jr. CRISTY,james-cristy,https://www.teamusa.com/profiles/james-cristy,Unknown,Unknown,Unknown,Unknown
Buster CRABBE,buster-crabbe,https://www.teamusa.com/profiles/buster-crabbe,Unknown,Unknown,Unknown,Unknown
Joseph L. LEVIS,joseph-levis,https://www.teamusa.com/profiles/joseph-levis,Unknown,Unknown,Unknown,Unknown
Andrew J. Jr. LIBANO,andrew-libano,https://www.teamusa.com/profiles/andrew-libano,Unknown,Unknown,Unknown,Unknown
Gilbert T. GRAY,gilbert-gray,https://www.teamusa.com/profiles/gilbert-gray,Unknown,Unknown,Unknown,Unknown
Michael Riley GALITZEN,michael-galitzen,https://www.teamusa.com/profiles/michael-galitzen,Unknown,Unknown,Unknown,Unknown
Edwin Harold SMITH,edwin-smith,https://www.teamusa.com/profiles/edwin-smith,Unknown,Unknown,Unknown,Unknown
Frank Allen KURTZ,frank-kurtz,https://www.teamusa.com/profiles/frank-kurtz,Unknown,Unknown,Unknown,Unknown
Georgia V. COLEMAN,georgia-coleman,https://www.teamusa.com/profiles/georgia-coleman,Unknown,Unknown,Unknown,Unknown
Jane FAUNTZ,jane-fauntz,https://www.teamusa.com/profiles/jane-fauntz,Unknown,Unknown,Unknown,Unknown
Marion Dale ROPER,marion-roper,https://www.teamusa.com/profiles/marion-roper,Unknown,Unknown,Unknown,Unknown
Irving JAFFEE,irving-jaffee,https://www.teamusa.com/profiles/irving-jaffee,Unknown,Unknown,Unknown,Unknown
Jack SHEA,jack-shea,https://www.teamusa.com/profiles/jack-shea,Unknown,Unknown,Unknown,Unknown
J. Hubert STEVENS,j-stevens,https://www.teamusa.com/profiles/j-stevens,Unknown,Unknown,Unknown,Unknown
Curtis STEVENS,curtis-stevens,https://www.teamusa.com/profiles/curtis-stevens,Unknown,Unknown,Unknown,Unknown
Robert MINTON,robert-minton,https://www.teamusa.com/profiles/robert-minton,Unknown,Unknown,Unknown,Unknown
Beatrix LOUGHRAN,beatrix-loughran,https://www.teamusa.com/profiles/beatrix-loughran,Unknown,Unknown,Unknown,Unknown
Sherwin BADGER,sherwin-badger,https://www.teamusa.com/profiles/sherwin-badger,Unknown,Unknown,Unknown,Unknown
Maribel VINSON,maribel-vinson,https://www.teamusa.com/profiles/maribel-vinson,Unknown,Unknown,Unknown,Unknown
John H. KUCK,john-kuck,https://www.teamusa.com/profiles/john-kuck,Unknown,Unknown,Unknown,Unknown
Herman Harold BRIX,herman-brix,https://www.teamusa.com/profiles/herman-brix,Unknown,Unknown,Unknown,Unknown
Lee Casey,lee-casey,https://www.teamusa.com/profiles/lee-casey,Unknown,Unknown,Unknown,Unknown
Robert Wade KING,robert-king,https://www.teamusa.com/profiles/robert-king,Unknown,Unknown,Unknown,Unknown
Benjamen Van Doren HEDGES,benjamen-hedges,https://www.teamusa.com/profiles/benjamen-hedges,Unknown,Unknown,Unknown,Unknown
Sabin William CARR,sabin-carr,https://www.teamusa.com/profiles/sabin-carr,Unknown,Unknown,Unknown,Unknown
William Herbert DROEGEMUELLER,william-droegemueller,https://www.teamusa.com/profiles/william-droegemueller,Unknown,Unknown,Unknown,Unknown
Charles English MCGINNIS,charles-mcginnis,https://www.teamusa.com/profiles/charles-mcginnis,Unknown,Unknown,Unknown,Unknown
Edward Barton HAMM,edward-hamm,https://www.teamusa.com/profiles/edward-hamm,Unknown,Unknown,Unknown,Unknown
Alfred Hilborn BATES,alfred-bates,https://www.teamusa.com/profiles/alfred-bates,Unknown,Unknown,Unknown,Unknown
Ed Black,ed-black,https://www.teamusa.com/profiles/ed-black,Unknown,Unknown,Unknown,Unknown
Stephen ANDERSON,stephen-anderson,https://www.teamusa.com/profiles/stephen-anderson,Unknown,Unknown,Unknown,Unknown
John COLLIER,john-collier,https://www.teamusa.com/profiles/john-collier,Unknown,Unknown,Unknown,Unknown
Frank Josef CUHEL,frank-cuhel,https://www.teamusa.com/profiles/frank-cuhel,Unknown,Unknown,Unknown,Unknown
Lemuel Clarence HOUSER,lemuel-houser,https://www.teamusa.com/profiles/lemuel-houser,Unknown,Unknown,Unknown,Unknown
James Hunt CORSON,james-corson,https://www.teamusa.com/profiles/james-corson,Unknown,Unknown,Unknown,Unknown
John Kenneth DOHERTY,john-doherty,https://www.teamusa.com/profiles/john-doherty,Unknown,Unknown,Unknown,Unknown
Mildred Olive WILEY,mildred-wiley,https://www.teamusa.com/profiles/mildred-wiley,Unknown,Unknown,Unknown,Unknown
Raymond James BARBUTI,raymond-barbuti,https://www.teamusa.com/profiles/raymond-barbuti,Unknown,Unknown,Unknown,Unknown
Elizabeth ROBINSON,elizabeth-robinson,https://www.teamusa.com/profiles/elizabeth-robinson,Unknown,Unknown,Unknown,Unknown
Martha NORELIUS,martha-norelius,https://www.teamusa.com/profiles/martha-norelius,Unknown,Unknown,Unknown,Unknown
Josephine MCKIM,josephine-mckim,https://www.teamusa.com/profiles/josephine-mckim,Unknown,Unknown,Unknown,Unknown
Johnny WEISSMULLER,johnny-weissmuller,https://www.teamusa.com/profiles/johnny-weissmuller,Unknown,Unknown,Unknown,Unknown
George Harold KOJAC,george-kojac,https://www.teamusa.com/profiles/george-kojac,Unknown,Unknown,Unknown,Unknown
Walter LAUFER,walter-laufer,https://www.teamusa.com/profiles/walter-laufer,Unknown,Unknown,Unknown,Unknown
Paul WYATT,paul-wyatt,https://www.teamusa.com/profiles/paul-wyatt,Unknown,Unknown,Unknown,Unknown
Albina Lucy OSIPOWICH,albina-osipowich,https://www.teamusa.com/profiles/albina-osipowich,Unknown,Unknown,Unknown,Unknown
George Charles CALNAN,george-calnan,https://www.teamusa.com/profiles/george-calnan,Unknown,Unknown,Unknown,Unknown
Pete Desjardins,pete-desjardins,https://www.teamusa.com/profiles/pete-desjardins,Unknown,Unknown,Unknown,Unknown
Elizabeth BECKER-PINKSTON,elizabeth-becker-pinkston,https://www.teamusa.com/profiles/elizabeth-becker-pinkston,Unknown,Unknown,Unknown,Unknown
Helen MEANY,helen-meany,https://www.teamusa.com/profiles/helen-meany,Unknown,Unknown,Unknown,Unknown
Paul Vincent COSTELLO,paul-costello,https://www.teamusa.com/profiles/paul-costello,Unknown,Unknown,Unknown,Unknown
Charley McIlvaine,charley-mcilvaine,https://www.teamusa.com/profiles/charley-mcilvaine,Unknown,Unknown,Unknown,Unknown
Paul L. MCDOWELL,paul-mcdowell,https://www.teamusa.com/profiles/paul-mcdowell,Unknown,Unknown,Unknown,Unknown
John Victor SCHMITT,john-schmitt,https://www.teamusa.com/profiles/john-schmitt,Unknown,Unknown,Unknown,Unknown
Harold George DEVINE,harold-devine,https://www.teamusa.com/profiles/harold-devine,Unknown,Unknown,Unknown,Unknown
Stephen Michael HALAIKO,stephen-halaiko,https://www.teamusa.com/profiles/stephen-halaiko,Unknown,Unknown,Unknown,Unknown
John Lawrence DALEY,john-daley,https://www.teamusa.com/profiles/john-daley,Unknown,Unknown,Unknown,Unknown
Lloyd Otto APPLETON,lloyd-appleton,https://www.teamusa.com/profiles/lloyd-appleton,Unknown,Unknown,Unknown,Unknown
Allie Roy MORRISON,allie-morrison,https://www.teamusa.com/profiles/allie-morrison,Unknown,Unknown,Unknown,Unknown
John O FARRELL,john-farrell,https://www.teamusa.com/profiles/john-farrell,Unknown,Unknown,Unknown,Unknown
Jennison HEATON,jennison-heaton,https://www.teamusa.com/profiles/jennison-heaton,Unknown,Unknown,Unknown,Unknown
Morris FISHER,morris-fisher,https://www.teamusa.com/profiles/morris-fisher,Unknown,Unknown,Unknown,Unknown
Carl Townsend OSBURN,carl-osburn,https://www.teamusa.com/profiles/carl-osburn,Unknown,Unknown,Unknown,Unknown
Marcus William DINWIDDIE,marcus-dinwiddie,https://www.teamusa.com/profiles/marcus-dinwiddie,Unknown,Unknown,Unknown,Unknown
Henry Marvin BAILEY,henry-bailey,https://www.teamusa.com/profiles/henry-bailey,Unknown,Unknown,Unknown,Unknown
Frank Hughes,frank-hughes,https://www.teamusa.com/profiles/frank-hughes,Unknown,Unknown,Unknown,Unknown
John Keith BOLES,john-boles,https://www.teamusa.com/profiles/john-boles,Unknown,Unknown,Unknown,Unknown
Hazel Virginia WIGHTMAN,hazel-wightman,https://www.teamusa.com/profiles/hazel-wightman,Unknown,Unknown,Unknown,Unknown
Dick Williams,dick-williams,https://www.teamusa.com/profiles/dick-williams,Unknown,Unknown,Unknown,Unknown
Marion JESSUP,marion-jessup,https://www.teamusa.com/profiles/marion-jessup,Unknown,Unknown,Unknown,Unknown
Vincent RICHARDS,vincent-richards,https://www.teamusa.com/profiles/vincent-richards,Unknown,Unknown,Unknown,Unknown
Helen WILLS,helen-wills,https://www.teamusa.com/profiles/helen-wills,Unknown,Unknown,Unknown,Unknown
Francis Townsend HUNTER,francis-hunter,https://www.teamusa.com/profiles/francis-hunter,Unknown,Unknown,Unknown,Unknown
Harold Marion OSBORN,harold-osborn,https://www.teamusa.com/profiles/harold-osborn,Unknown,Unknown,Unknown,Unknown
Emerson NORTON,emerson-norton,https://www.teamusa.com/profiles/emerson-norton,Unknown,Unknown,Unknown,Unknown
Clarence Harrison DE MAR,clarence-mar,https://www.teamusa.com/profiles/clarence-mar,Unknown,Unknown,Unknown,Unknown
William De Hart HUBBARD,william-hubbard,https://www.teamusa.com/profiles/william-hubbard,Unknown,Unknown,Unknown,Unknown
Edward Orval GOURDIN,edward-gourdin,https://www.teamusa.com/profiles/edward-gourdin,Unknown,Unknown,Unknown,Unknown
Eugene OBERST,eugene-oberst,https://www.teamusa.com/profiles/eugene-oberst,Unknown,Unknown,Unknown,Unknown
Frederick Delmont TOOTELL,frederick-tootell,https://www.teamusa.com/profiles/frederick-tootell,Unknown,Unknown,Unknown,Unknown
Matt McGrath,matt-mcgrath,https://www.teamusa.com/profiles/matt-mcgrath,Unknown,Unknown,Unknown,Unknown
Bob LeGendre,bob-legendre,https://www.teamusa.com/profiles/bob-legendre,Unknown,Unknown,Unknown,Unknown
Leroy Taylor BROWN,leroy-brown,https://www.teamusa.com/profiles/leroy-brown,Unknown,Unknown,Unknown,Unknown
Ivan RILEY,ivan-riley,https://www.teamusa.com/profiles/ivan-riley,Unknown,Unknown,Unknown,Unknown
Richard Earl JOHNSON,richard-johnson,https://www.teamusa.com/profiles/richard-johnson,Unknown,Unknown,Unknown,Unknown
Thomas John LIEB,thomas-lieb,https://www.teamusa.com/profiles/thomas-lieb,Unknown,Unknown,Unknown,Unknown
Horatio FITCH,horatio-fitch,https://www.teamusa.com/profiles/horatio-fitch,Unknown,Unknown,Unknown,Unknown
Schuyler ENCK,schuyler-enck,https://www.teamusa.com/profiles/schuyler-enck,Unknown,Unknown,Unknown,Unknown
Daniel KINSEY,daniel-kinsey,https://www.teamusa.com/profiles/daniel-kinsey,Unknown,Unknown,Unknown,Unknown
Glenn HARTRANFT,glenn-hartranft,https://www.teamusa.com/profiles/glenn-hartranft,Unknown,Unknown,Unknown,Unknown
Ralph Gorman HILLS,ralph-hills,https://www.teamusa.com/profiles/ralph-hills,Unknown,Unknown,Unknown,Unknown
Lee BARNES,lee-barnes,https://www.teamusa.com/profiles/lee-barnes,Unknown,Unknown,Unknown,Unknown
Glenn GRAHAM,glenn-graham,https://www.teamusa.com/profiles/glenn-graham,Unknown,Unknown,Unknown,Unknown
James K. BROOKER,james-brooker,https://www.teamusa.com/profiles/james-brooker,Unknown,Unknown,Unknown,Unknown
Jackson SCHOLZ,jackson-scholz,https://www.teamusa.com/profiles/jackson-scholz,Unknown,Unknown,Unknown,Unknown
Charles PADDOCK,charles-paddock,https://www.teamusa.com/profiles/charles-paddock,Unknown,Unknown,Unknown,Unknown
Helen WAINWRIGHT,helen-wainwright,https://www.teamusa.com/profiles/helen-wainwright,Unknown,Unknown,Unknown,Unknown
Gertrude EDERLE,gertrude-ederle,https://www.teamusa.com/profiles/gertrude-ederle,Unknown,Unknown,Unknown,Unknown
Sybil BAUER,sybil-bauer,https://www.teamusa.com/profiles/sybil-bauer,Unknown,Unknown,Unknown,Unknown
Aileen RIGGIN,aileen-riggin,https://www.teamusa.com/profiles/aileen-riggin,Unknown,Unknown,Unknown,Unknown
Ethel LACKIE,ethel-lackie,https://www.teamusa.com/profiles/ethel-lackie,Unknown,Unknown,Unknown,Unknown
Mariechen WEHSELAU,mariechen-wehselau,https://www.teamusa.com/profiles/mariechen-wehselau,Unknown,Unknown,Unknown,Unknown
Agnes GERAGHTY,agnes-geraghty,https://www.teamusa.com/profiles/agnes-geraghty,Unknown,Unknown,Unknown,Unknown
Robert SKELTON,robert-skelton,https://www.teamusa.com/profiles/robert-skelton,Unknown,Unknown,Unknown,Unknown
Bill Kirschbaum,bill-kirschbaum,https://www.teamusa.com/profiles/bill-kirschbaum,Unknown,Unknown,Unknown,Unknown
Warren Paoa KEALOHA,warren-kealoha,https://www.teamusa.com/profiles/warren-kealoha,Unknown,Unknown,Unknown,Unknown
Duke Paoa KAHANAMOKU,duke-kahanamoku,https://www.teamusa.com/profiles/duke-kahanamoku,Unknown,Unknown,Unknown,Unknown
Sam Kahanamoku,sam-kahanamoku,https://www.teamusa.com/profiles/sam-kahanamoku,Unknown,Unknown,Unknown,Unknown
Frank KRIZ,frank-kriz,https://www.teamusa.com/profiles/frank-kriz,Unknown,Unknown,Unknown,Unknown
John FIELDS,john-fields,https://www.teamusa.com/profiles/john-fields,Unknown,Unknown,Unknown,Unknown
Joe Salas,joe-salas,https://www.teamusa.com/profiles/joe-salas,Unknown,Unknown,Unknown,Unknown
Fidel LA BARBA,fidel-barba,https://www.teamusa.com/profiles/fidel-barba,Unknown,Unknown,Unknown,Unknown
Ray Fee,ray-fee,https://www.teamusa.com/profiles/ray-fee,Unknown,Unknown,Unknown,Unknown
Al Tripoli,al-tripoli,https://www.teamusa.com/profiles/al-tripoli,Unknown,Unknown,Unknown,Unknown
Frederick BOYLSTEIN,frederick-boylstein,https://www.teamusa.com/profiles/frederick-boylstein,Unknown,Unknown,Unknown,Unknown
Bryan HINES,bryan-hines,https://www.teamusa.com/profiles/bryan-hines,Unknown,Unknown,Unknown,Unknown
Robin REED,robin-reed,https://www.teamusa.com/profiles/robin-reed,Unknown,Unknown,Unknown,Unknown
Chester NEWTON,chester-newton,https://www.teamusa.com/profiles/chester-newton,Unknown,Unknown,Unknown,Unknown
Harry Steel,harry-steel,https://www.teamusa.com/profiles/harry-steel,Unknown,Unknown,Unknown,Unknown
Russell VIS,russell-vis,https://www.teamusa.com/profiles/russell-vis,Unknown,Unknown,Unknown,Unknown
John Franklin SPELLMAN,john-spellman,https://www.teamusa.com/profiles/john-spellman,Unknown,Unknown,Unknown,Unknown
Sloan DOAK,sloan-doak,https://www.teamusa.com/profiles/sloan-doak,Unknown,Unknown,Unknown,Unknown
Al White,al-white,https://www.teamusa.com/profiles/al-white,Unknown,Unknown,Unknown,Unknown
David FALL,david-fall,https://www.teamusa.com/profiles/david-fall,Unknown,Unknown,Unknown,Unknown
Clarence PINKSTON,clarence-pinkston,https://www.teamusa.com/profiles/clarence-pinkston,Unknown,Unknown,Unknown,Unknown
Caroline SMITH,caroline-smith,https://www.teamusa.com/profiles/caroline-smith,Unknown,Unknown,Unknown,Unknown
Caroline FLETCHER,caroline-fletcher,https://www.teamusa.com/profiles/caroline-fletcher,Unknown,Unknown,Unknown,Unknown
"Jack Kelly, Sr.",jack-kelly,https://www.teamusa.com/profiles/jack-kelly,"North Andover, MA",Unknown,28,North Andover High School Hamilton College
Anders HAUGEN,anders-haugen,https://www.teamusa.com/profiles/anders-haugen,Unknown,Unknown,Unknown,Unknown
Charles JEWTRAW,charles-jewtraw,https://www.teamusa.com/profiles/charles-jewtraw,Unknown,Unknown,Unknown,Unknown
Edward EAGAN,edward-eagan,https://www.teamusa.com/profiles/edward-eagan,Unknown,Unknown,Unknown,Unknown
Samuel MOSBERG,samuel-mosberg,https://www.teamusa.com/profiles/samuel-mosberg,Unknown,Unknown,Unknown,Unknown
Frank DI GENARO,frank-genaro,https://www.teamusa.com/profiles/frank-genaro,Unknown,Unknown,Unknown,Unknown
Fred Kolberg,fred-kolberg,https://www.teamusa.com/profiles/fred-kolberg,Unknown,Unknown,Unknown,Unknown
Norman ROSS,norman-ross,https://www.teamusa.com/profiles/norman-ross,Unknown,Unknown,Unknown,Unknown
Raymond KEGERIS,raymond-kegeris,https://www.teamusa.com/profiles/raymond-kegeris,Unknown,Unknown,Unknown,Unknown
Ludy LANGER,ludy-langer,https://www.teamusa.com/profiles/ludy-langer,Unknown,Unknown,Unknown,Unknown
Ethelda BLEIBTREY,ethelda-bleibtrey,https://www.teamusa.com/profiles/ethelda-bleibtrey,Unknown,Unknown,Unknown,Unknown
Irene GUEST,irene-guest,https://www.teamusa.com/profiles/irene-guest,Unknown,Unknown,Unknown,Unknown
Frances SCHROTH,frances-schroth,https://www.teamusa.com/profiles/frances-schroth,Unknown,Unknown,Unknown,Unknown
Margaret WOODBRIDGE,margaret-woodbridge,https://www.teamusa.com/profiles/margaret-woodbridge,Unknown,Unknown,Unknown,Unknown
Pua Kela KEALOHA,pua-kealoha,https://www.teamusa.com/profiles/pua-kealoha,Unknown,Unknown,Unknown,Unknown
William HARRIS,william-harris,https://www.teamusa.com/profiles/william-harris,Unknown,Unknown,Unknown,Unknown
Pat McDonald,pat-mcdonald,https://www.teamusa.com/profiles/pat-mcdonald,Unknown,Unknown,Unknown,Unknown
Paddy Ryan,paddy-ryan,https://www.teamusa.com/profiles/paddy-ryan,Unknown,Unknown,Unknown,Unknown
Everett Lewis BRADLEY,everett-bradley,https://www.teamusa.com/profiles/everett-bradley,Unknown,Unknown,Unknown,Unknown
Harry LIVERSEDGE,harry-liversedge,https://www.teamusa.com/profiles/harry-liversedge,Unknown,Unknown,Unknown,Unknown
Augustus POPE,augustus-pope,https://www.teamusa.com/profiles/augustus-pope,Unknown,Unknown,Unknown,Unknown
Frank LOOMIS,frank-loomis,https://www.teamusa.com/profiles/frank-loomis,Unknown,Unknown,Unknown,Unknown
John Kelley NORTON,john-norton,https://www.teamusa.com/profiles/john-norton,Unknown,Unknown,Unknown,Unknown
Gus Desch,gus-desch,https://www.teamusa.com/profiles/gus-desch,Unknown,Unknown,Unknown,Unknown
Basil Bennett,basil-bennett,https://www.teamusa.com/profiles/basil-bennett,Unknown,Unknown,Unknown,Unknown
Allen WOODRING,allen-woodring,https://www.teamusa.com/profiles/allen-woodring,Unknown,Unknown,Unknown,Unknown
Earl EBY,earl-eby,https://www.teamusa.com/profiles/earl-eby,Unknown,Unknown,Unknown,Unknown
Morris KIRKSEY,morris-kirksey,https://www.teamusa.com/profiles/morris-kirksey,Unknown,Unknown,Unknown,Unknown
Marion Lawrence SHIELDS,marion-shields,https://www.teamusa.com/profiles/marion-shields,Unknown,Unknown,Unknown,Unknown
Carl JOHNSON,carl-johnson,https://www.teamusa.com/profiles/carl-johnson,Unknown,Unknown,Unknown,Unknown
Joseph PEARMAN,joseph-pearman,https://www.teamusa.com/profiles/joseph-pearman,Unknown,Unknown,Unknown,Unknown
Harold BARRON,harold-barron,https://www.teamusa.com/profiles/harold-barron,Unknown,Unknown,Unknown,Unknown
Frederick MURRAY,frederick-murray,https://www.teamusa.com/profiles/frederick-murray,Unknown,Unknown,Unknown,Unknown
Richard Frederick REMER,richard-remer,https://www.teamusa.com/profiles/richard-remer,Unknown,Unknown,Unknown,Unknown
Pat Flynn,pat-flynn,https://www.teamusa.com/profiles/pat-flynn,Unknown,Unknown,Unknown,Unknown
Frank FOSS,frank-foss,https://www.teamusa.com/profiles/frank-foss,Unknown,Unknown,Unknown,Unknown
Edwin MYERS,edwin-myers,https://www.teamusa.com/profiles/edwin-myers,Unknown,Unknown,Unknown,Unknown
Richmond LANDON,richmond-landon,https://www.teamusa.com/profiles/richmond-landon,Unknown,Unknown,Unknown,Unknown
Harold MULLER,harold-muller,https://www.teamusa.com/profiles/harold-muller,Unknown,Unknown,Unknown,Unknown
Brutus Kerr HAMILTON,brutus-hamilton,https://www.teamusa.com/profiles/brutus-hamilton,Unknown,Unknown,Unknown,Unknown
Raymond BRACKEN,raymond-bracken,https://www.teamusa.com/profiles/raymond-bracken,Unknown,Unknown,Unknown,Unknown
Mark ARIE,mark-arie,https://www.teamusa.com/profiles/mark-arie,Unknown,Unknown,Unknown,Unknown
Frank TROEH,frank-troeh,https://www.teamusa.com/profiles/frank-troeh,Unknown,Unknown,Unknown,Unknown
Frank WRIGHT,frank-wright,https://www.teamusa.com/profiles/frank-wright,Unknown,Unknown,Unknown,Unknown
Lloyd Spencer SPOONER,lloyd-spooner,https://www.teamusa.com/profiles/lloyd-spooner,Unknown,Unknown,Unknown,Unknown
Lawrence Adam NUESSLEIN,lawrence-nuesslein,https://www.teamusa.com/profiles/lawrence-nuesslein,Unknown,Unknown,Unknown,Unknown
Arthur ROTHROCK,arthur-rothrock,https://www.teamusa.com/profiles/arthur-rothrock,Unknown,Unknown,Unknown,Unknown
Dennis FENTON,dennis-fenton,https://www.teamusa.com/profiles/dennis-fenton,Unknown,Unknown,Unknown,Unknown
Carl Telford FREDERICK,carl-frederick,https://www.teamusa.com/profiles/carl-frederick,Unknown,Unknown,Unknown,Unknown
Alfred P. LANE,alfred-lane,https://www.teamusa.com/profiles/alfred-lane,Unknown,Unknown,Unknown,Unknown
Charles Edwin ACKERLY,charles-ackerly,https://www.teamusa.com/profiles/charles-ackerly,Unknown,Unknown,Unknown,Unknown
Samuel GERSON,samuel-gerson,https://www.teamusa.com/profiles/samuel-gerson,Unknown,Unknown,Unknown,Unknown
Charley Johnson,charley-johnson,https://www.teamusa.com/profiles/charley-johnson,Unknown,Unknown,Unknown,Unknown
Walter S. MAURER,walter-maurer,https://www.teamusa.com/profiles/walter-maurer,Unknown,Unknown,Unknown,Unknown
Nat PENDLETON,nat-pendleton,https://www.teamusa.com/profiles/nat-pendleton,Unknown,Unknown,Unknown,Unknown
Frederick Julius MEYER,frederick-meyer,https://www.teamusa.com/profiles/frederick-meyer,Unknown,Unknown,Unknown,Unknown
Thelma PAYNE,thelma-payne,https://www.teamusa.com/profiles/thelma-payne,Unknown,Unknown,Unknown,Unknown
Harry PRIESTE,harry-prieste,https://www.teamusa.com/profiles/harry-prieste,Unknown,Unknown,Unknown,Unknown
Louis KUEHN,louis-kuehn,https://www.teamusa.com/profiles/louis-kuehn,Unknown,Unknown,Unknown,Unknown
Louis James BALBACH,louis-balbach,https://www.teamusa.com/profiles/louis-balbach,Unknown,Unknown,Unknown,Unknown
Theresa BLANCHARD,theresa-blanchard,https://www.teamusa.com/profiles/theresa-blanchard,Unknown,Unknown,Unknown,Unknown
Ralph CRAIG,ralph-craig,https://www.teamusa.com/profiles/ralph-craig,Unknown,Unknown,Unknown,Unknown
Donald LIPPINCOTT,donald-lippincott,https://www.teamusa.com/profiles/donald-lippincott,Unknown,Unknown,Unknown,Unknown
Charles Decker REIDPATH,charles-reidpath,https://www.teamusa.com/profiles/charles-reidpath,Unknown,Unknown,Unknown,Unknown
Ed Lindberg,ed-lindberg,https://www.teamusa.com/profiles/ed-lindberg,Unknown,Unknown,Unknown,Unknown
Abel KIVIAT,abel-kiviat,https://www.teamusa.com/profiles/abel-kiviat,Unknown,Unknown,Unknown,Unknown
Norman TABER,norman-taber,https://www.teamusa.com/profiles/norman-taber,Unknown,Unknown,Unknown,Unknown
Clarence Chester CHILDS,clarence-childs,https://www.teamusa.com/profiles/clarence-childs,Unknown,Unknown,Unknown,Unknown
I. Alvah MEYER,i-meyer,https://www.teamusa.com/profiles/i-meyer,Unknown,Unknown,Unknown,Unknown
Fred Kelly,fred-kelly,https://www.teamusa.com/profiles/fred-kelly,Unknown,Unknown,Unknown,Unknown
James WENDELL,james-wendell,https://www.teamusa.com/profiles/james-wendell,Unknown,Unknown,Unknown,Unknown
Martin HAWKINS,martin-hawkins,https://www.teamusa.com/profiles/martin-hawkins,Unknown,Unknown,Unknown,Unknown
Ralph ROSE,ralph-rose,https://www.teamusa.com/profiles/ralph-rose,Unknown,Unknown,Unknown,Unknown
Laurence Atwood WHITNEY,laurence-whitney,https://www.teamusa.com/profiles/laurence-whitney,Unknown,Unknown,Unknown,Unknown
Jim THORPE,jim-thorpe,https://www.teamusa.com/profiles/jim-thorpe,Unknown,Unknown,Unknown,Unknown
Alma Wilfred RICHARDS,alma-richards,https://www.teamusa.com/profiles/alma-richards,Unknown,Unknown,Unknown,Unknown
George Leslie HORINE,george-horine,https://www.teamusa.com/profiles/george-horine,Unknown,Unknown,Unknown,Unknown
Platt ADAMS,platt-adams,https://www.teamusa.com/profiles/platt-adams,Unknown,Unknown,Unknown,Unknown
Benjamin W. ADAMS,benjamin-adams,https://www.teamusa.com/profiles/benjamin-adams,Unknown,Unknown,Unknown,Unknown
Albert Lovejoy GUTTERSON,albert-gutterson,https://www.teamusa.com/profiles/albert-gutterson,Unknown,Unknown,Unknown,Unknown
Ted MEREDITH,ted-meredith,https://www.teamusa.com/profiles/ted-meredith,Unknown,Unknown,Unknown,Unknown
Melvin SHEPPARD,melvin-sheppard,https://www.teamusa.com/profiles/melvin-sheppard,Unknown,Unknown,Unknown,Unknown
Ira Nelson DAVENPORT,ira-davenport,https://www.teamusa.com/profiles/ira-davenport,Unknown,Unknown,Unknown,Unknown
Harry Stoddard BABCOCK,harry-babcock,https://www.teamusa.com/profiles/harry-babcock,Unknown,Unknown,Unknown,Unknown
Frank Thayer NELSON,frank-nelson,https://www.teamusa.com/profiles/frank-nelson,Unknown,Unknown,Unknown,Unknown
Marc Snowell WRIGHT,marc-wright,https://www.teamusa.com/profiles/marc-wright,Unknown,Unknown,Unknown,Unknown
Frank Dwyer MURPHY,frank-murphy,https://www.teamusa.com/profiles/frank-murphy,Unknown,Unknown,Unknown,Unknown
Richard Leslie BYRD,richard-byrd,https://www.teamusa.com/profiles/richard-byrd,Unknown,Unknown,Unknown,Unknown
James Henry DUNCAN,james-duncan,https://www.teamusa.com/profiles/james-duncan,Unknown,Unknown,Unknown,Unknown
Gaston STROBINO,gaston-strobino,https://www.teamusa.com/profiles/gaston-strobino,Unknown,Unknown,Unknown,Unknown
Lewis Tewanima,lewis-tewanima,https://www.teamusa.com/profiles/lewis-tewanima,Unknown,Unknown,Unknown,Unknown
Jim Donahue,jim-donahue,https://www.teamusa.com/profiles/jim-donahue,Unknown,Unknown,Unknown,Unknown
Peter J. DOLFEN,peter-dolfen,https://www.teamusa.com/profiles/peter-dolfen,Unknown,Unknown,Unknown,Unknown
Frederick S. HIRD,frederick-hird,https://www.teamusa.com/profiles/frederick-hird,Unknown,Unknown,Unknown,Unknown
John E. JACKSON,john-jackson,https://www.teamusa.com/profiles/john-jackson,Unknown,Unknown,Unknown,Unknown
Jay Graham,jay-graham,https://www.teamusa.com/profiles/jay-graham,Unknown,Unknown,Unknown,Unknown
Carl Otto SCHUTTE,carl-schutte,https://www.teamusa.com/profiles/carl-schutte,Unknown,Unknown,Unknown,Unknown
Kenneth HUSZAGH,kenneth-huszagh,https://www.teamusa.com/profiles/kenneth-huszagh,Unknown,Unknown,Unknown,Unknown
Harry J. HEBNER,harry-hebner,https://www.teamusa.com/profiles/harry-hebner,Unknown,Unknown,Unknown,Unknown
George Stuart DOLE,george-dole,https://www.teamusa.com/profiles/george-dole,Unknown,Unknown,Unknown,Unknown
George Nicholas MEHNERT,george-mehnert,https://www.teamusa.com/profiles/george-mehnert,Unknown,Unknown,Unknown,Unknown
Jay GOULD,jay-gould,https://www.teamusa.com/profiles/jay-gould,Unknown,Unknown,Unknown,Unknown
Henry Barber RICHARDSON,henry-richardson,https://www.teamusa.com/profiles/henry-richardson,Unknown,Unknown,Unknown,Unknown
James Edward GORMAN,james-gorman,https://www.teamusa.com/profiles/james-gorman,Unknown,Unknown,Unknown,Unknown
Harry Simon,harry-simon,https://www.teamusa.com/profiles/harry-simon,Unknown,Unknown,Unknown,Unknown
Walter WINANS,walter-winans,https://www.teamusa.com/profiles/walter-winans,Unknown,Unknown,Unknown,Unknown
Kellog Kennon Venable CASEY,kellog-casey,https://www.teamusa.com/profiles/kellog-casey,Unknown,Unknown,Unknown,Unknown
Martin SHERIDAN,martin-sheridan,https://www.teamusa.com/profiles/martin-sheridan,Unknown,Unknown,Unknown,Unknown
Bill Horr,bill-horr,https://www.teamusa.com/profiles/bill-horr,Unknown,Unknown,Unknown,Unknown
Ray EWRY,ray-ewry,https://www.teamusa.com/profiles/ray-ewry,Unknown,Unknown,Unknown,Unknown
John Joseph FLANAGAN,john-flanagan,https://www.teamusa.com/profiles/john-flanagan,Unknown,Unknown,Unknown,Unknown
Harry Franklin PORTER,harry-porter,https://www.teamusa.com/profiles/harry-porter,Unknown,Unknown,Unknown,Unknown
Merritt Hayward GIFFIN,merritt-giffin,https://www.teamusa.com/profiles/merritt-giffin,Unknown,Unknown,Unknown,Unknown
Alfred Carleten GILBERT,alfred-gilbert,https://www.teamusa.com/profiles/alfred-gilbert,Unknown,Unknown,Unknown,Unknown
Ed Cook,ed-cook,https://www.teamusa.com/profiles/ed-cook,Unknown,Unknown,Unknown,Unknown
Clare Jacobs,clare-jacobs,https://www.teamusa.com/profiles/clare-jacobs,Unknown,Unknown,Unknown,Unknown
James Rector,james-rector,https://www.teamusa.com/profiles/james-rector,Unknown,Unknown,Unknown,Unknown
John Joseph HAYES,john-hayes,https://www.teamusa.com/profiles/john-hayes,Unknown,Unknown,Unknown,Unknown
Joe Forshaw,joe-forshaw,https://www.teamusa.com/profiles/joe-forshaw,Unknown,Unknown,Unknown,Unknown
Charles Joseph BACON,charles-bacon,https://www.teamusa.com/profiles/charles-bacon,Unknown,Unknown,Unknown,Unknown
Harry HILLMAN,harry-hillman,https://www.teamusa.com/profiles/harry-hillman,Unknown,Unknown,Unknown,Unknown
John Lincoln EISELE,john-eisele,https://www.teamusa.com/profiles/john-eisele,Unknown,Unknown,Unknown,Unknown
John BILLER,john-biller,https://www.teamusa.com/profiles/john-biller,Unknown,Unknown,Unknown,Unknown
Robert CLOUGHEN,robert-cloughen,https://www.teamusa.com/profiles/robert-cloughen,Unknown,Unknown,Unknown,Unknown
John Nathaniel CARTMELL,john-cartmell,https://www.teamusa.com/profiles/john-cartmell,Unknown,Unknown,Unknown,Unknown
John Carlyle GARRELS,john-garrels,https://www.teamusa.com/profiles/john-garrels,Unknown,Unknown,Unknown,Unknown
Francis C. IRONS,francis-irons,https://www.teamusa.com/profiles/francis-irons,Unknown,Unknown,Unknown,Unknown
Dan Kelly,dan-kelly,https://www.teamusa.com/profiles/dan-kelly,Unknown,Unknown,Unknown,Unknown
Forrest SMITHSON,forrest-smithson,https://www.teamusa.com/profiles/forrest-smithson,Unknown,Unknown,Unknown,Unknown
Arthur SHAW,arthur-shaw,https://www.teamusa.com/profiles/arthur-shaw,Unknown,Unknown,Unknown,Unknown
Charles DANIELS,charles-daniels,https://www.teamusa.com/profiles/charles-daniels,Unknown,Unknown,Unknown,Unknown
George William GAIDZIK,george-gaidzik,https://www.teamusa.com/profiles/george-gaidzik,Unknown,Unknown,Unknown,Unknown
Archie HAHN,archie-hahn,https://www.teamusa.com/profiles/archie-hahn,Unknown,Unknown,Unknown,Unknown
Bill Hogenson,bill-hogenson,https://www.teamusa.com/profiles/bill-hogenson,Unknown,Unknown,Unknown,Unknown
Jim Lightbody,jim-lightbody,https://www.teamusa.com/profiles/jim-lightbody,Unknown,Unknown,Unknown,Unknown
Howard VALENTINE,howard-valentine,https://www.teamusa.com/profiles/howard-valentine,Unknown,Unknown,Unknown,Unknown
Emil BREITKREUTZ,emil-breitkreutz,https://www.teamusa.com/profiles/emil-breitkreutz,Unknown,Unknown,Unknown,Unknown
Charles DVORAK,charles-dvorak,https://www.teamusa.com/profiles/charles-dvorak,Unknown,Unknown,Unknown,Unknown
Leroy SAMSE,leroy-samse,https://www.teamusa.com/profiles/leroy-samse,Unknown,Unknown,Unknown,Unknown
Louis WILKINS,louis-wilkins,https://www.teamusa.com/profiles/louis-wilkins,Unknown,Unknown,Unknown,Unknown
Frank CASTLEMAN,frank-castleman,https://www.teamusa.com/profiles/frank-castleman,Unknown,Unknown,Unknown,Unknown
George POAGE,george-poage,https://www.teamusa.com/profiles/george-poage,Unknown,Unknown,Unknown,Unknown
Frank WALLER,frank-waller,https://www.teamusa.com/profiles/frank-waller,Unknown,Unknown,Unknown,Unknown
Frederick SCHULE,frederick-schule,https://www.teamusa.com/profiles/frederick-schule,Unknown,Unknown,Unknown,Unknown
Thad Shideler,thad-shideler,https://www.teamusa.com/profiles/thad-shideler,Unknown,Unknown,Unknown,Unknown
Lesley ASHBURNER,lesley-ashburner,https://www.teamusa.com/profiles/lesley-ashburner,Unknown,Unknown,Unknown,Unknown
Sam Jones,sam-jones,https://www.teamusa.com/profiles/sam-jones,Unknown,Unknown,Unknown,Unknown
Garrett SERVISS,garrett-serviss,https://www.teamusa.com/profiles/garrett-serviss,Unknown,Unknown,Unknown,Unknown
Meyer PRINSTEIN,meyer-prinstein,https://www.teamusa.com/profiles/meyer-prinstein,Unknown,Unknown,Unknown,Unknown
Dan Frank,dan-frank,https://www.teamusa.com/profiles/dan-frank,Unknown,Unknown,Unknown,Unknown
Robert STANGLAND,robert-stangland,https://www.teamusa.com/profiles/robert-stangland,Unknown,Unknown,Unknown,Unknown
Herman GROMAN,herman-groman,https://www.teamusa.com/profiles/herman-groman,Unknown,Unknown,Unknown,Unknown
Fay MOULTON,fay-moulton,https://www.teamusa.com/profiles/fay-moulton,Unknown,Unknown,Unknown,Unknown
Jim Mitchel,jim-mitchel,https://www.teamusa.com/profiles/jim-mitchel,Unknown,Unknown,Unknown,Unknown
Con King,con-king,https://www.teamusa.com/profiles/con-king,Unknown,Unknown,Unknown,Unknown
Joseph F. STADLER,joseph-stadler,https://www.teamusa.com/profiles/joseph-stadler,Unknown,Unknown,Unknown,Unknown
William Wesley COE,william-coe,https://www.teamusa.com/profiles/william-coe,Unknown,Unknown,Unknown,Unknown
Lawrence E. Joseph FEUERBACH,lawrence-feuerbach,https://www.teamusa.com/profiles/lawrence-feuerbach,Unknown,Unknown,Unknown,Unknown
John DEWITT,john-dewitt,https://www.teamusa.com/profiles/john-dewitt,Unknown,Unknown,Unknown,Unknown
Lawson N. ROBERTSON,lawson-robertson,https://www.teamusa.com/profiles/lawson-robertson,Unknown,Unknown,Unknown,Unknown
Tom Hicks,tom-hicks,https://www.teamusa.com/profiles/tom-hicks,Unknown,Unknown,Unknown,Unknown
Arthur NEWTON,arthur-newton,https://www.teamusa.com/profiles/arthur-newton,Unknown,Unknown,Unknown,Unknown
William Frank VERNER,william-verner,https://www.teamusa.com/profiles/william-verner,Unknown,Unknown,Unknown,Unknown
Lacey HEARN,lacey-hearn,https://www.teamusa.com/profiles/lacey-hearn,Unknown,Unknown,Unknown,Unknown
Adam GUNN,adam-gunn,https://www.teamusa.com/profiles/adam-gunn,Unknown,Unknown,Unknown,Unknown
Thomas Truxton HARE,thomas-hare,https://www.teamusa.com/profiles/thomas-hare,Unknown,Unknown,Unknown,Unknown
Fred Engelhardt,fred-engelhardt,https://www.teamusa.com/profiles/fred-engelhardt,Unknown,Unknown,Unknown,Unknown
Charles JACOBUS,charles-jacobus,https://www.teamusa.com/profiles/charles-jacobus,Unknown,Unknown,Unknown,Unknown
Smith O. STREETER,smith-streeter,https://www.teamusa.com/profiles/smith-streeter,Unknown,Unknown,Unknown,Unknown
Henri Chandler EGAN,henri-egan,https://www.teamusa.com/profiles/henri-egan,Unknown,Unknown,Unknown,Unknown
Burt P. MCKINNIE,burt-mckinnie,https://www.teamusa.com/profiles/burt-mckinnie,Unknown,Unknown,Unknown,Unknown
Francis Clement NEWTON,francis-newton,https://www.teamusa.com/profiles/francis-newton,Unknown,Unknown,Unknown,Unknown
John J.F. MULCAHY,john-mulcahy,https://www.teamusa.com/profiles/john-mulcahy,Unknown,Unknown,Unknown,Unknown
Bill Varley,bill-varley,https://www.teamusa.com/profiles/bill-varley,Unknown,Unknown,Unknown,Unknown
Joseph McLoughlin,joseph-mcloughlin,https://www.teamusa.com/profiles/joseph-mcloughlin,Unknown,Unknown,Unknown,Unknown
John Grey HOBEN,john-hoben,https://www.teamusa.com/profiles/john-hoben,Unknown,Unknown,Unknown,Unknown
Joe Ravannack,joe-ravannack,https://www.teamusa.com/profiles/joe-ravannack,Unknown,Unknown,Unknown,Unknown
John WELLS,john-wells,https://www.teamusa.com/profiles/john-wells,Unknown,Unknown,Unknown,Unknown
Frank GREER,frank-greer,https://www.teamusa.com/profiles/frank-greer,Unknown,Unknown,Unknown,Unknown
James JUVENAL,james-juvenal,https://www.teamusa.com/profiles/james-juvenal,Unknown,Unknown,Unknown,Unknown
Constance TITUS,constance-titus,https://www.teamusa.com/profiles/constance-titus,Unknown,Unknown,Unknown,Unknown
Robert Farnan,robert-farnan,https://www.teamusa.com/profiles/robert-farnan,Unknown,Unknown,Unknown,Unknown
Joe Ryan,joe-ryan,https://www.teamusa.com/profiles/joe-ryan,Unknown,Unknown,Unknown,Unknown
John JOACHIM,john-joachim,https://www.teamusa.com/profiles/john-joachim,Unknown,Unknown,Unknown,Unknown
Joe Buerger,joe-buerger,https://www.teamusa.com/profiles/joe-buerger,Unknown,Unknown,Unknown,Unknown
Fred Warmbold,fred-warmbold,https://www.teamusa.com/profiles/fred-warmbold,Unknown,Unknown,Unknown,Unknown
Benjamin Joseph BRADSHAW,benjamin-bradshaw,https://www.teamusa.com/profiles/benjamin-bradshaw,Unknown,Unknown,Unknown,Unknown
Theodore MCLEAR,theodore-mclear,https://www.teamusa.com/profiles/theodore-mclear,Unknown,Unknown,Unknown,Unknown
Charles E. CLAPPER,charles-clapper,https://www.teamusa.com/profiles/charles-clapper,Unknown,Unknown,Unknown,Unknown
Gustav BAUER,gustav-bauer,https://www.teamusa.com/profiles/gustav-bauer,Unknown,Unknown,Unknown,Unknown
William NELSON,william-nelson,https://www.teamusa.com/profiles/william-nelson,Bakersfield,"5'6""",41,Taft Union (Calif.) HS ‘02 Colorado ‘07
Bill Beckman,bill-beckman,https://www.teamusa.com/profiles/bill-beckman,Unknown,Unknown,Unknown,Unknown
Jerry WINHOLTZ,jerry-winholtz,https://www.teamusa.com/profiles/jerry-winholtz,Unknown,Unknown,Unknown,Unknown
Bob Curry,bob-curry,https://www.teamusa.com/profiles/bob-curry,Unknown,Unknown,Unknown,Unknown
John HEIN,john-hein,https://www.teamusa.com/profiles/john-hein,Unknown,Unknown,Unknown,Unknown
Jack Niflot,jack-niflot,https://www.teamusa.com/profiles/jack-niflot,Unknown,Unknown,Unknown,Unknown
Gus Wester,gus-wester,https://www.teamusa.com/profiles/gus-wester,Unknown,Unknown,Unknown,Unknown
Louis Strebler,louis-strebler,https://www.teamusa.com/profiles/louis-strebler,Unknown,Unknown,Unknown,Unknown
Otto F. ROEHM,otto-roehm,https://www.teamusa.com/profiles/otto-roehm,Unknown,Unknown,Unknown,Unknown
Rudolph Tesiny,rudolph-tesiny,https://www.teamusa.com/profiles/rudolph-tesiny,Unknown,Unknown,Unknown,Unknown
Al Zirkel,al-zirkel,https://www.teamusa.com/profiles/al-zirkel,Unknown,Unknown,Unknown,Unknown
Oscar Paul OSTHOFF,oscar-osthoff,https://www.teamusa.com/profiles/oscar-osthoff,Unknown,Unknown,Unknown,Unknown
Fred Winter,fred-winter,https://www.teamusa.com/profiles/fred-winter,Unknown,Unknown,Unknown,Unknown
Oliver L. KIRK,oliver-kirk,https://www.teamusa.com/profiles/oliver-kirk,Unknown,Unknown,Unknown,Unknown
Frank HALLER,frank-haller,https://www.teamusa.com/profiles/frank-haller,Unknown,Unknown,Unknown,Unknown
Fred Gilmore,fred-gilmore,https://www.teamusa.com/profiles/fred-gilmore,Unknown,Unknown,Unknown,Unknown
Samuel BERGER,samuel-berger,https://www.teamusa.com/profiles/samuel-berger,Unknown,Unknown,Unknown,Unknown
Charles MAYER,charles-mayer,https://www.teamusa.com/profiles/charles-mayer,Unknown,Unknown,Unknown,Unknown
Bill Michaels,bill-michaels,https://www.teamusa.com/profiles/bill-michaels,Unknown,Unknown,Unknown,Unknown
Ben Spradling,ben-spradling,https://www.teamusa.com/profiles/ben-spradling,Unknown,Unknown,Unknown,Unknown
Al Young,al-young,https://www.teamusa.com/profiles/al-young,Unknown,Unknown,Unknown,Unknown
Harry Spanjer,harry-spanjer,https://www.teamusa.com/profiles/harry-spanjer,Unknown,Unknown,Unknown,Unknown
Joseph LYDON,joseph-lydon,https://www.teamusa.com/profiles/joseph-lydon,Unknown,Unknown,Unknown,Unknown
George FINNEGAN,george-finnegan,https://www.teamusa.com/profiles/george-finnegan,Unknown,Unknown,Unknown,Unknown
Miles BURKE,miles-burke,https://www.teamusa.com/profiles/miles-burke,Unknown,Unknown,Unknown,Unknown
Russell VAN HORN,russell-horn,https://www.teamusa.com/profiles/russell-horn,Unknown,Unknown,Unknown,Unknown
Peter STURHOLDT,peter-sturholdt,https://www.teamusa.com/profiles/peter-sturholdt,Unknown,Unknown,Unknown,Unknown
Beals Coleman WRIGHT,beals-wright,https://www.teamusa.com/profiles/beals-wright,Unknown,Unknown,Unknown,Unknown
Robert LEROY,robert-leroy,https://www.teamusa.com/profiles/robert-leroy,Unknown,Unknown,Unknown,Unknown
Edgar Welch LEONARD,edgar-leonard,https://www.teamusa.com/profiles/edgar-leonard,Unknown,Unknown,Unknown,Unknown
Alphonzo Edward BELL,alphonzo-bell,https://www.teamusa.com/profiles/alphonzo-bell,Unknown,Unknown,Unknown,Unknown
Joseph Walker WEAR,joseph-wear,https://www.teamusa.com/profiles/joseph-wear,Unknown,Unknown,Unknown,Unknown
Allen Tarwater WEST,allen-west,https://www.teamusa.com/profiles/allen-west,Unknown,Unknown,Unknown,Unknown
Clarence Olivier GAMBLE,clarence-gamble,https://www.teamusa.com/profiles/clarence-gamble,Unknown,Unknown,Unknown,Unknown
Arthur Yancey WEAR,arthur-wear,https://www.teamusa.com/profiles/arthur-wear,Unknown,Unknown,Unknown,Unknown
Anton HEIDA,anton-heida,https://www.teamusa.com/profiles/anton-heida,Unknown,Unknown,Unknown,Unknown
George EYSER,george-eyser,https://www.teamusa.com/profiles/george-eyser,Unknown,Unknown,Unknown,Unknown
William MERZ,william-merz,https://www.teamusa.com/profiles/william-merz,Unknown,Unknown,Unknown,Unknown
Ed Hennig,ed-hennig,https://www.teamusa.com/profiles/ed-hennig,Unknown,Unknown,Unknown,Unknown
John DUHA,john-duha,https://www.teamusa.com/profiles/john-duha,Unknown,Unknown,Unknown,Unknown
Max EMMERICH,max-emmerich,https://www.teamusa.com/profiles/max-emmerich,Unknown,Unknown,Unknown,Unknown
John GRIEB,john-grieb,https://www.teamusa.com/profiles/john-grieb,Unknown,Unknown,Unknown,Unknown
Emil Voigt,emil-voigt,https://www.teamusa.com/profiles/emil-voigt,Unknown,Unknown,Unknown,Unknown
Ralph WILSON,ralph-wilson,https://www.teamusa.com/profiles/ralph-wilson,Unknown,Unknown,Unknown,Unknown
Herman Glass,herman-glass,https://www.teamusa.com/profiles/herman-glass,Unknown,Unknown,Unknown,Unknown
Charles KRAUSE,charles-krause,https://www.teamusa.com/profiles/charles-krause,Unknown,Unknown,Unknown,Unknown
Albertson VAN ZO POST,albertson-post,https://www.teamusa.com/profiles/albertson-post,Unknown,Unknown,Unknown,Unknown
Charles Tatham,charles-tatham,https://www.teamusa.com/profiles/charles-tatham,Unknown,Unknown,Unknown,Unknown
William Scott O'CONNOR,william-oconnor,https://www.teamusa.com/profiles/william-oconnor,Unknown,Unknown,Unknown,Unknown
William GREBE,william-grebe,https://www.teamusa.com/profiles/william-grebe,Unknown,Unknown,Unknown,Unknown
George SHELDON,george-sheldon,https://www.teamusa.com/profiles/george-sheldon,Unknown,Unknown,Unknown,Unknown
Frank KEHOE,frank-kehoe,https://www.teamusa.com/profiles/frank-kehoe,Unknown,Unknown,Unknown,Unknown
Charles SCHLEE,charles-schlee,https://www.teamusa.com/profiles/charles-schlee,Unknown,Unknown,Unknown,Unknown
George WILEY,george-wiley,https://www.teamusa.com/profiles/george-wiley,Unknown,Unknown,Unknown,Unknown
Arthur F. ANDREWS,arthur-andrews,https://www.teamusa.com/profiles/arthur-andrews,Unknown,Unknown,Unknown,Unknown
Marcus HURLEY,marcus-hurley,https://www.teamusa.com/profiles/marcus-hurley,Unknown,Unknown,Unknown,Unknown
Burton DOWNING,burton-downing,https://www.teamusa.com/profiles/burton-downing,Unknown,Unknown,Unknown,Unknown
Teddy Billington,teddy-billington,https://www.teamusa.com/profiles/teddy-billington,Unknown,Unknown,Unknown,Unknown
Oscar GOERKE,oscar-goerke,https://www.teamusa.com/profiles/oscar-goerke,Unknown,Unknown,Unknown,Unknown
J. Scott LEARY,j-leary,https://www.teamusa.com/profiles/j-leary,Unknown,Unknown,Unknown,Unknown
Billy Dickey,billy-dickey,https://www.teamusa.com/profiles/billy-dickey,Unknown,Unknown,Unknown,Unknown
Edgar H. ADAMS,edgar-adams,https://www.teamusa.com/profiles/edgar-adams,Unknown,Unknown,Unknown,Unknown
Leo Budd GOODWIN,leo-goodwin,https://www.teamusa.com/profiles/leo-goodwin,Unknown,Unknown,Unknown,Unknown
Jam HANDY,jam-handy,https://www.teamusa.com/profiles/jam-handy,Unknown,Unknown,Unknown,Unknown
Matilda Scott HOWELL,matilda-howell,https://www.teamusa.com/profiles/matilda-howell,Unknown,Unknown,Unknown,Unknown
Emma C. COOKE,emma-cooke,https://www.teamusa.com/profiles/emma-cooke,Unknown,Unknown,Unknown,Unknown
Eliza POLLOCK,eliza-pollock,https://www.teamusa.com/profiles/eliza-pollock,Unknown,Unknown,Unknown,Unknown
Phil Bryant,phil-bryant,https://www.teamusa.com/profiles/phil-bryant,Unknown,Unknown,Unknown,Unknown
Robert WILLIAMS,robert-williams,https://www.teamusa.com/profiles/robert-williams,Unknown,Unknown,Unknown,Unknown
William Henry THOMPSON,william-thompson,https://www.teamusa.com/profiles/william-thompson,Unknown,Unknown,Unknown,Unknown
John Henry LAKE,john-lake,https://www.teamusa.com/profiles/john-lake,Unknown,Unknown,Unknown,Unknown
Charles Edward SANDS,charles-sands,https://www.teamusa.com/profiles/charles-sands,Unknown,Unknown,Unknown,Unknown
Margaret Ives ABBOTT,margaret-abbott,https://www.teamusa.com/profiles/margaret-abbott,Unknown,Unknown,Unknown,Unknown
Polly Whittier,polly-whittier,https://www.teamusa.com/profiles/polly-whittier,Unknown,Unknown,Unknown,Unknown
Abbie Pratt,abbie-pratt,https://www.teamusa.com/profiles/abbie-pratt,Unknown,Unknown,Unknown,Unknown
Irving BAXTER,irving-baxter,https://www.teamusa.com/profiles/irving-baxter,Unknown,Unknown,Unknown,Unknown
Lewis Pendleton SHELDON,lewis-sheldon,https://www.teamusa.com/profiles/lewis-sheldon,Unknown,Unknown,Unknown,Unknown
Meredith Bright COLKETT,meredith-colkett,https://www.teamusa.com/profiles/meredith-colkett,Unknown,Unknown,Unknown,Unknown
John CREGAN,john-cregan,https://www.teamusa.com/profiles/john-cregan,Unknown,Unknown,Unknown,Unknown
David HALL,david-hall,https://www.teamusa.com/profiles/david-hall,Unknown,Unknown,Unknown,Unknown
James B. Connolly,james-connolly,https://www.teamusa.com/profiles/james-connolly,Unknown,Unknown,Unknown,Unknown
Maxey Long,maxey-long,https://www.teamusa.com/profiles/maxey-long,Unknown,Unknown,Unknown,Unknown
Bill Holland,bill-holland,https://www.teamusa.com/profiles/bill-holland,Unknown,Unknown,Unknown,Unknown
Alvin KRAENZLEIN,alvin-kraenzlein,https://www.teamusa.com/profiles/alvin-kraenzlein,Unknown,Unknown,Unknown,Unknown
Walter B. John TEWKSBURY,walter-tewksbury,https://www.teamusa.com/profiles/walter-tewksbury,Unknown,Unknown,Unknown,Unknown
John MCLEAN,john-mclean,https://www.teamusa.com/profiles/john-mclean,Unknown,Unknown,Unknown,Unknown
Fred Moloney,fred-moloney,https://www.teamusa.com/profiles/fred-moloney,Unknown,Unknown,Unknown,Unknown
John BRAY,john-bray,https://www.teamusa.com/profiles/john-bray,Unknown,Unknown,Unknown,Unknown
Richard SHELDON,richard-sheldon,https://www.teamusa.com/profiles/richard-sheldon,Unknown,Unknown,Unknown,Unknown
Josiah MCCRACKEN,josiah-mccracken,https://www.teamusa.com/profiles/josiah-mccracken,Unknown,Unknown,Unknown,Unknown
Bob Garrett,bob-garrett,https://www.teamusa.com/profiles/bob-garrett,Unknown,Unknown,Unknown,Unknown
Francis JARVIS,francis-jarvis,https://www.teamusa.com/profiles/francis-jarvis,Unknown,Unknown,Unknown,Unknown
Marion JONES,marion-jones,https://www.teamusa.com/profiles/marion-jones,Chapel Hill,"5'10""",50,Unknown
Thomas BURKE,thomas-burke,https://www.teamusa.com/profiles/thomas-burke,Unknown,Unknown,Unknown,Unknown
Francis LANE,francis-lane,https://www.teamusa.com/profiles/francis-lane,Unknown,Unknown,Unknown,Unknown
Arthur BLAKE,arthur-blake,https://www.teamusa.com/profiles/arthur-blake,Unknown,Unknown,Unknown,Unknown
William Welles HOYT,william-hoyt,https://www.teamusa.com/profiles/william-hoyt,Unknown,Unknown,Unknown,Unknown
Albert TYLER,albert-tyler,https://www.teamusa.com/profiles/albert-tyler,Unknown,Unknown,Unknown,Unknown
Ellery CLARK,ellery-clark,https://www.teamusa.com/profiles/ellery-clark,Unknown,Unknown,Unknown,Unknown
Herbert JAMISON,herbert-jamison,https://www.teamusa.com/profiles/herbert-jamison,Unknown,Unknown,Unknown,Unknown
Tom Curtis,tom-curtis,https://www.teamusa.com/profiles/tom-curtis,Unknown,Unknown,Unknown,Unknown
John Paine,john-paine,https://www.teamusa.com/profiles/john-paine,Unknown,Unknown,Unknown,Unknown
Sumner PAINE,sumner-paine,https://www.teamusa.com/profiles/sumner-paine,Unknown,Unknown,Unknown,Unknown
